State,Vehicle_Class,Vehicle_Category,Vehicle_Type,EV_Sales_Quantity
Andaman & Nicobar Island,ADAPTED VEHICLE,Others,Others,0.0
Andaman & Nicobar Island,AGRICULTURAL TRACTOR,Others,Others,0.0
Andaman & Nicobar Island,AMBULANCE,Others,Others,0.0
Andaman & Nicobar Island,BUS,Bus,Bus,40.0
Andaman & Nicobar Island,CONSTRUCTION EQUIPMENT VEHICLE,Others,Others,0.0
Andaman & Nicobar Island,CONSTRUCTION EQUIPMENT VEHICLE (COMMERCIAL),Others,Others,0.0
Andaman & Nicobar Island,CRANE MOUNTED VEHICLE,Others,Others,0.0
Andaman & Nicobar Island,DUMPER,Others,Others,0.0
Andaman & Nicobar Island,E-RICKSHAW WITH CART (G),3-Wheelers,3W_Goods_LowSpeed,29.0
Andaman & Nicobar Island,E-RICKSHAW(P),3-Wheelers,3W_Shared_LowSpeed,1.0
Andaman & Nicobar Island,EARTH MOVING EQUIPMENT,Others,Others,0.0
Andaman & Nicobar Island,EXCAVATOR (COMMERCIAL),Others,Others,0.0
Andaman & Nicobar Island,EXCAVATOR (NT),Others,Others,0.0
Andaman & Nicobar Island,FIRE FIGHTING VEHICLE,Others,Others,0.0
Andaman & Nicobar Island,FIRE TENDERS,Others,Others,0.0
Andaman & Nicobar Island,FORK LIFT,Others,Others,0.0
Andaman & Nicobar Island,GOODS CARRIER,Others,Others,1.0
Andaman & Nicobar Island,LUXURY CAB,4-Wheelers,4W_Shared,0.0
Andaman & Nicobar Island,M-CYCLE/SCOOTER,2-Wheelers,2W_Personal,10.0
Andaman & Nicobar Island,M-CYCLE/SCOOTER-WITH SIDE CAR,2-Wheelers,2W_Personal,0.0
Andaman & Nicobar Island,MAXI CAB,Others,Others,1.0
Andaman & Nicobar Island,MOBILE CANTEEN,Others,Others,0.0
Andaman & Nicobar Island,MOPED,2-Wheelers,2W_Personal,0.0
Andaman & Nicobar Island,MOTOR CAB,4-Wheelers,4W_Shared,7.0
Andaman & Nicobar Island,MOTOR CAR,4-Wheelers,4W_Personal,92.0
Andaman & Nicobar Island,MOTOR CYCLE/SCOOTER-SIDECAR(T),Others,Others,0.0
Andaman & Nicobar Island,MOTOR CYCLE/SCOOTER-USED FOR HIRE,2-Wheelers,2W_Shared,20.0
Andaman & Nicobar Island,MOTORISED CYCLE (CC > 25CC),2-Wheelers,2W_Personal,1.0
Andaman & Nicobar Island,OMNI BUS,Bus,Bus,0.0
Andaman & Nicobar Island,OMNI BUS (PRIVATE USE),Bus,Bus,0.0
Andaman & Nicobar Island,PRIVATE SERVICE VEHICLE,Others,Others,0.0
Andaman & Nicobar Island,PRIVATE SERVICE VEHICLE (INDIVIDUAL USE),Others,Others,0.0
Andaman & Nicobar Island,RECOVERY VEHICLE,Others,Others,0.0
Andaman & Nicobar Island,ROAD ROLLER,Others,Others,0.0
Andaman & Nicobar Island,SEMI-TRAILER (COMMERCIAL),Others,Others,0.0
Andaman & Nicobar Island,SNORKED LADDERS,Others,Others,0.0
Andaman & Nicobar Island,THREE WHEELER (GOODS),3-Wheelers,3W_Goods,0.0
Andaman & Nicobar Island,THREE WHEELER (PASSENGER),3-Wheelers,3W_Shared,0.0
Andaman & Nicobar Island,THREE WHEELER (PERSONAL),3-Wheelers,3W_Personal,0.0
Andaman & Nicobar Island,TOW TRUCK,Others,Others,0.0
Andaman & Nicobar Island,TRACTOR (COMMERCIAL),Others,Others,0.0
Andaman & Nicobar Island,VEHICLE FITTED WITH RIG,Others,Others,0.0
Andhra Pradesh,ADAPTED VEHICLE,Others,Others,3.0
Andhra Pradesh,AGRICULTURAL TRACTOR,Others,Others,1.0
Andhra Pradesh,AMBULANCE,Others,Others,0.0
Andhra Pradesh,ANIMAL AMBULANCE,Others,Others,0.0
Andhra Pradesh,ARTICULATED VEHICLE,Others,Others,2.0
Andhra Pradesh,AUXILIARY TRAILER,Others,Others,0.0
Andhra Pradesh,BUS,Bus,Bus,108.0
Andhra Pradesh,CAMPER VAN / TRAILER,Others,Others,0.0
Andhra Pradesh,CAMPER VAN / TRAILER (PRIVATE USE),Others,Others,0.0
Andhra Pradesh,CASH VAN,Others,Others,0.0
Andhra Pradesh,CONSTRUCTION EQUIPMENT VEHICLE,Others,Others,13.0
Andhra Pradesh,CRANE MOUNTED VEHICLE,Others,Others,0.0
Andhra Pradesh,DUMPER,Others,Others,0.0
Andhra Pradesh,E-RICKSHAW WITH CART (G),3-Wheelers,3W_Goods_LowSpeed,863.0
Andhra Pradesh,E-RICKSHAW(P),3-Wheelers,3W_Shared_LowSpeed,1502.0
Andhra Pradesh,EDUCATIONAL INSTITUTION BUS,Bus,Institution Bus,0.0
Andhra Pradesh,EXCAVATOR (COMMERCIAL),Others,Others,5.0
Andhra Pradesh,EXCAVATOR (NT),Others,Others,0.0
Andhra Pradesh,FIRE FIGHTING VEHICLE,Others,Others,0.0
Andhra Pradesh,FIRE TENDERS,Others,Others,0.0
Andhra Pradesh,FORK LIFT,Others,Others,0.0
Andhra Pradesh,GOODS CARRIER,Others,Others,739.0
Andhra Pradesh,HARVESTER,Others,Others,0.0
Andhra Pradesh,HEARSES,Others,Others,0.0
Andhra Pradesh,LIBRARY VAN,Others,Others,0.0
Andhra Pradesh,LUXURY CAB,4-Wheelers,4W_Shared,0.0
Andhra Pradesh,M-CYCLE/SCOOTER,2-Wheelers,2W_Personal,64662.0
Andhra Pradesh,M-CYCLE/SCOOTER-WITH SIDE CAR,2-Wheelers,2W_Personal,606.0
Andhra Pradesh,MAXI CAB,Others,Others,0.0
Andhra Pradesh,MOBILE CANTEEN,Others,Others,0.0
Andhra Pradesh,MOBILE CLINIC,Others,Others,0.0
Andhra Pradesh,MOBILE WORKSHOP,Others,Others,0.0
Andhra Pradesh,MOPED,2-Wheelers,2W_Personal,156.0
Andhra Pradesh,MOTOR CAB,4-Wheelers,4W_Shared,51.0
Andhra Pradesh,MOTOR CAR,4-Wheelers,4W_Personal,3213.0
Andhra Pradesh,MOTOR CYCLE/SCOOTER-USED FOR HIRE,2-Wheelers,2W_Shared,1.0
Andhra Pradesh,MOTOR CYCLE/SCOOTER-WITH TRAILER,Others,Others,0.0
Andhra Pradesh,MOTORISED CYCLE (CC > 25CC),2-Wheelers,2W_Personal,3595.0
Andhra Pradesh,OMNI BUS,Bus,Bus,12.0
Andhra Pradesh,OMNI BUS (PRIVATE USE),Bus,Bus,0.0
Andhra Pradesh,POWER TILLER,Others,Others,0.0
Andhra Pradesh,PRIVATE SERVICE VEHICLE,Others,Others,2.0
Andhra Pradesh,RECOVERY VEHICLE,Others,Others,0.0
Andhra Pradesh,ROAD ROLLER,Others,Others,0.0
Andhra Pradesh,THREE WHEELER (GOODS),3-Wheelers,3W_Goods,409.0
Andhra Pradesh,THREE WHEELER (PASSENGER),3-Wheelers,3W_Shared,1412.0
Andhra Pradesh,THREE WHEELER (PERSONAL),3-Wheelers,3W_Personal,1.0
Andhra Pradesh,TRACTOR (COMMERCIAL),Others,Others,0.0
Andhra Pradesh,TRAILER (AGRICULTURAL),Others,Others,0.0
Andhra Pradesh,TRAILER (COMMERCIAL),Others,Others,0.0
Andhra Pradesh,TRAILER FOR PERSONAL USE,Others,Others,0.0
Andhra Pradesh,VEHICLE FITTED WITH COMPRESSOR,Others,Others,0.0
Andhra Pradesh,VEHICLE FITTED WITH GENERATOR,Others,Others,0.0
Andhra Pradesh,VEHICLE FITTED WITH RIG,Others,Others,0.0
Arunachal Pradesh,ADAPTED VEHICLE,Others,Others,0.0
Arunachal Pradesh,AGRICULTURAL TRACTOR,Others,Others,0.0
Arunachal Pradesh,AMBULANCE,Others,Others,0.0
Arunachal Pradesh,ANIMAL AMBULANCE,Others,Others,0.0
Arunachal Pradesh,ARTICULATED VEHICLE,Others,Others,0.0
Arunachal Pradesh,AUXILIARY TRAILER,Others,Others,0.0
Arunachal Pradesh,BUS,Bus,Bus,0.0
Arunachal Pradesh,CAMPER VAN / TRAILER,Others,Others,0.0
Arunachal Pradesh,CAMPER VAN / TRAILER (PRIVATE USE),Others,Others,0.0
Arunachal Pradesh,CASH VAN,Others,Others,0.0
Arunachal Pradesh,CONSTRUCTION EQUIPMENT VEHICLE,Others,Others,0.0
Arunachal Pradesh,CONSTRUCTION EQUIPMENT VEHICLE (COMMERCIAL),Others,Others,0.0
Arunachal Pradesh,CRANE MOUNTED VEHICLE,Others,Others,0.0
Arunachal Pradesh,DUMPER,Others,Others,0.0
Arunachal Pradesh,EARTH MOVING EQUIPMENT,Others,Others,0.0
Arunachal Pradesh,EDUCATIONAL INSTITUTION BUS,Bus,Institution Bus,0.0
Arunachal Pradesh,EXCAVATOR (COMMERCIAL),Others,Others,0.0
Arunachal Pradesh,EXCAVATOR (NT),Others,Others,0.0
Arunachal Pradesh,FIRE FIGHTING VEHICLE,Others,Others,0.0
Arunachal Pradesh,FIRE TENDERS,Others,Others,0.0
Arunachal Pradesh,FORK LIFT,Others,Others,0.0
Arunachal Pradesh,GOODS CARRIER,Others,Others,0.0
Arunachal Pradesh,LIBRARY VAN,Others,Others,0.0
Arunachal Pradesh,LUXURY CAB,4-Wheelers,4W_Shared,0.0
Arunachal Pradesh,M-CYCLE/SCOOTER,2-Wheelers,2W_Personal,10.0
Arunachal Pradesh,M-CYCLE/SCOOTER-WITH SIDE CAR,2-Wheelers,2W_Personal,0.0
Arunachal Pradesh,MAXI CAB,Others,Others,0.0
Arunachal Pradesh,MOBILE CANTEEN,Others,Others,0.0
Arunachal Pradesh,MOBILE CLINIC,Others,Others,0.0
Arunachal Pradesh,MOBILE WORKSHOP,Others,Others,0.0
Arunachal Pradesh,MODULAR HYDRAULIC TRAILER,Others,Others,0.0
Arunachal Pradesh,MOPED,2-Wheelers,2W_Personal,0.0
Arunachal Pradesh,MOTOR CAB,4-Wheelers,4W_Shared,0.0
Arunachal Pradesh,MOTOR CAR,4-Wheelers,4W_Personal,28.0
Arunachal Pradesh,MOTORISED CYCLE (CC > 25CC),2-Wheelers,2W_Personal,0.0
Arunachal Pradesh,OMNI BUS,Bus,Bus,0.0
Arunachal Pradesh,OMNI BUS (PRIVATE USE),Bus,Bus,0.0
Arunachal Pradesh,PRIVATE SERVICE VEHICLE,Others,Others,0.0
Arunachal Pradesh,PRIVATE SERVICE VEHICLE (INDIVIDUAL USE),Others,Others,0.0
Arunachal Pradesh,RECOVERY VEHICLE,Others,Others,0.0
Arunachal Pradesh,ROAD ROLLER,Others,Others,0.0
Arunachal Pradesh,SEMI-TRAILER (COMMERCIAL),Others,Others,0.0
Arunachal Pradesh,SNORKED LADDERS,Others,Others,0.0
Arunachal Pradesh,THREE WHEELER (GOODS),3-Wheelers,3W_Goods,2.0
Arunachal Pradesh,THREE WHEELER (PASSENGER),3-Wheelers,3W_Shared,0.0
Arunachal Pradesh,THREE WHEELER (PERSONAL),3-Wheelers,3W_Personal,0.0
Arunachal Pradesh,TOW TRUCK,Others,Others,0.0
Arunachal Pradesh,TRACTOR (COMMERCIAL),Others,Others,0.0
Arunachal Pradesh,TRACTOR-TROLLEY(COMMERCIAL),Others,Others,0.0
Arunachal Pradesh,TRAILER (AGRICULTURAL),Others,Others,0.0
Arunachal Pradesh,TRAILER (COMMERCIAL),Others,Others,0.0
Arunachal Pradesh,TRAILER FOR PERSONAL USE,Others,Others,0.0
Assam,ADAPTED VEHICLE,Others,Others,0.0
Assam,AGRICULTURAL TRACTOR,Others,Others,0.0
Assam,AMBULANCE,Others,Others,0.0
Assam,ANIMAL AMBULANCE,Others,Others,0.0
Assam,ARMOURED/SPECIALISED VEHICLE,Others,Others,0.0
Assam,ARTICULATED VEHICLE,Others,Others,0.0
Assam,AUXILIARY TRAILER,Others,Others,0.0
Assam,BUS,Bus,Bus,193.0
Assam,CAMPER VAN / TRAILER,Others,Others,0.0
Assam,CAMPER VAN / TRAILER (PRIVATE USE),Others,Others,0.0
Assam,CASH VAN,Others,Others,0.0
Assam,CONSTRUCTION EQUIPMENT VEHICLE,Others,Others,0.0
Assam,CONSTRUCTION EQUIPMENT VEHICLE (COMMERCIAL),Others,Others,0.0
Assam,CRANE MOUNTED VEHICLE,Others,Others,0.0
Assam,DUMPER,Others,Others,0.0
Assam,E-RICKSHAW WITH CART (G),3-Wheelers,3W_Goods_LowSpeed,2343.0
Assam,E-RICKSHAW(P),3-Wheelers,3W_Shared_LowSpeed,137982.0
Assam,EARTH MOVING EQUIPMENT,Others,Others,0.0
Assam,EDUCATIONAL INSTITUTION BUS,Bus,Institution Bus,0.0
Assam,EXCAVATOR (COMMERCIAL),Others,Others,0.0
Assam,EXCAVATOR (NT),Others,Others,1.0
Assam,FIRE FIGHTING VEHICLE,Others,Others,0.0
Assam,FIRE TENDERS,Others,Others,0.0
Assam,FORK LIFT,Others,Others,0.0
Assam,GOODS CARRIER,Others,Others,31.0
Assam,HARVESTER,Others,Others,0.0
Assam,HEARSES,Others,Others,0.0
Assam,LIBRARY VAN,Others,Others,0.0
Assam,M-CYCLE/SCOOTER,2-Wheelers,2W_Personal,5206.0
Assam,M-CYCLE/SCOOTER-WITH SIDE CAR,2-Wheelers,2W_Personal,2.0
Assam,MAXI CAB,Others,Others,0.0
Assam,MOBILE CANTEEN,Others,Others,0.0
Assam,MOBILE CLINIC,Others,Others,0.0
Assam,MOBILE WORKSHOP,Others,Others,0.0
Assam,MOPED,2-Wheelers,2W_Personal,0.0
Assam,MOTOR CAB,4-Wheelers,4W_Shared,53.0
Assam,MOTOR CAR,4-Wheelers,4W_Personal,465.0
Assam,MOTOR CYCLE/SCOOTER-SIDECAR(T),Others,Others,0.0
Assam,MOTORISED CYCLE (CC > 25CC),2-Wheelers,2W_Personal,0.0
Assam,OMNI BUS,Bus,Bus,0.0
Assam,OMNI BUS (PRIVATE USE),Bus,Bus,0.0
Assam,PRIVATE SERVICE VEHICLE,Others,Others,0.0
Assam,PRIVATE SERVICE VEHICLE (INDIVIDUAL USE),Others,Others,0.0
Assam,RECOVERY VEHICLE,Others,Others,0.0
Assam,ROAD ROLLER,Others,Others,0.0
Assam,THREE WHEELER (GOODS),3-Wheelers,3W_Goods,324.0
Assam,THREE WHEELER (PASSENGER),3-Wheelers,3W_Shared,4926.0
Assam,THREE WHEELER (PERSONAL),3-Wheelers,3W_Personal,0.0
Assam,TOW TRUCK,Others,Others,0.0
Assam,TOWER WAGON,Others,Others,0.0
Assam,TRACTOR (COMMERCIAL),Others,Others,4.0
Assam,TRACTOR-TROLLEY(COMMERCIAL),Others,Others,0.0
Assam,TRAILER (AGRICULTURAL),Others,Others,5.0
Assam,TRAILER (COMMERCIAL),Others,Others,382.0
Assam,VEHICLE FITTED WITH COMPRESSOR,Others,Others,0.0
Assam,VEHICLE FITTED WITH GENERATOR,Others,Others,0.0
Assam,VEHICLE FITTED WITH RIG,Others,Others,0.0
Bihar,ADAPTED VEHICLE,Others,Others,2.0
Bihar,AGRICULTURAL TRACTOR,Others,Others,0.0
Bihar,AMBULANCE,Others,Others,0.0
Bihar,ARTICULATED VEHICLE,Others,Others,0.0
Bihar,AUXILIARY TRAILER,Others,Others,0.0
Bihar,BUS,Bus,Bus,27.0
Bihar,CAMPER VAN / TRAILER,Others,Others,0.0
Bihar,CAMPER VAN / TRAILER (PRIVATE USE),Others,Others,0.0
Bihar,CASH VAN,Others,Others,0.0
Bihar,CONSTRUCTION EQUIPMENT VEHICLE,Others,Others,0.0
Bihar,CRANE MOUNTED VEHICLE,Others,Others,0.0
Bihar,DUMPER,Others,Others,0.0
Bihar,E-RICKSHAW WITH CART (G),3-Wheelers,3W_Goods_LowSpeed,2981.0
Bihar,E-RICKSHAW(P),3-Wheelers,3W_Shared_LowSpeed,174880.0
Bihar,EARTH MOVING EQUIPMENT,Others,Others,0.0
Bihar,EXCAVATOR (COMMERCIAL),Others,Others,0.0
Bihar,FIRE FIGHTING VEHICLE,Others,Others,0.0
Bihar,FIRE TENDERS,Others,Others,0.0
Bihar,GOODS CARRIER,Others,Others,36.0
Bihar,HARVESTER,Others,Others,0.0
Bihar,HEARSES,Others,Others,0.0
Bihar,LIBRARY VAN,Others,Others,0.0
Bihar,LUXURY CAB,4-Wheelers,4W_Shared,0.0
Bihar,M-CYCLE/SCOOTER,2-Wheelers,2W_Personal,27753.0
Bihar,M-CYCLE/SCOOTER-WITH SIDE CAR,2-Wheelers,2W_Personal,48.0
Bihar,MAXI CAB,Others,Others,0.0
Bihar,MOBILE CANTEEN,Others,Others,0.0
Bihar,MOPED,2-Wheelers,2W_Personal,241.0
Bihar,MOTOR CAB,4-Wheelers,4W_Shared,16.0
Bihar,MOTOR CAR,4-Wheelers,4W_Personal,865.0
Bihar,MOTOR CYCLE/SCOOTER-SIDECAR(T),Others,Others,0.0
Bihar,MOTOR CYCLE/SCOOTER-USED FOR HIRE,2-Wheelers,2W_Shared,0.0
Bihar,MOTORISED CYCLE (CC > 25CC),2-Wheelers,2W_Personal,74.0
Bihar,OMNI BUS,Bus,Bus,0.0
Bihar,OMNI BUS (PRIVATE USE),Bus,Bus,0.0
Bihar,PRIVATE SERVICE VEHICLE (INDIVIDUAL USE),Others,Others,0.0
Bihar,THREE WHEELER (GOODS),3-Wheelers,3W_Goods,855.0
Bihar,THREE WHEELER (PASSENGER),3-Wheelers,3W_Shared,5678.0
Bihar,THREE WHEELER (PERSONAL),3-Wheelers,3W_Personal,0.0
Bihar,TRACTOR (COMMERCIAL),Others,Others,4.0
Bihar,TRACTOR-TROLLEY(COMMERCIAL),Others,Others,0.0
Bihar,TRAILER (AGRICULTURAL),Others,Others,0.0
Bihar,TRAILER (COMMERCIAL),Others,Others,5.0
Chandigarh,ADAPTED VEHICLE,Others,Others,0.0
Chandigarh,AGRICULTURAL TRACTOR,Others,Others,0.0
Chandigarh,AMBULANCE,Others,Others,0.0
Chandigarh,ANIMAL AMBULANCE,Others,Others,0.0
Chandigarh,ARMOURED/SPECIALISED VEHICLE,Others,Others,0.0
Chandigarh,BUS,Bus,Bus,80.0
Chandigarh,CAMPER VAN / TRAILER,Others,Others,0.0
Chandigarh,CASH VAN,Others,Others,0.0
Chandigarh,CONSTRUCTION EQUIPMENT VEHICLE,Others,Others,0.0
Chandigarh,CONSTRUCTION EQUIPMENT VEHICLE (COMMERCIAL),Others,Others,0.0
Chandigarh,CRANE MOUNTED VEHICLE,Others,Others,0.0
Chandigarh,DUMPER,Others,Others,0.0
Chandigarh,E-RICKSHAW WITH CART (G),3-Wheelers,3W_Goods_LowSpeed,1211.0
Chandigarh,E-RICKSHAW(P),3-Wheelers,3W_Shared_LowSpeed,4684.0
Chandigarh,EARTH MOVING EQUIPMENT,Others,Others,0.0
Chandigarh,EDUCATIONAL INSTITUTION BUS,Bus,Institution Bus,0.0
Chandigarh,FIRE TENDERS,Others,Others,0.0
Chandigarh,FORK LIFT,Others,Others,0.0
Chandigarh,GOODS CARRIER,Others,Others,39.0
Chandigarh,HEARSES,Others,Others,0.0
Chandigarh,M-CYCLE/SCOOTER,2-Wheelers,2W_Personal,3268.0
Chandigarh,MAXI CAB,Others,Others,0.0
Chandigarh,MOBILE CLINIC,Others,Others,0.0
Chandigarh,MOBILE WORKSHOP,Others,Others,0.0
Chandigarh,MOPED,2-Wheelers,2W_Personal,15.0
Chandigarh,MOTOR CAB,4-Wheelers,4W_Shared,12.0
Chandigarh,MOTOR CAR,4-Wheelers,4W_Personal,1489.0
Chandigarh,MOTOR CARAVAN,Others,Others,1.0
Chandigarh,MOTOR CYCLE/SCOOTER-USED FOR HIRE,2-Wheelers,2W_Shared,0.0
Chandigarh,MOTORISED CYCLE (CC > 25CC),2-Wheelers,2W_Personal,112.0
Chandigarh,OMNI BUS (PRIVATE USE),Bus,Bus,0.0
Chandigarh,PRIVATE SERVICE VEHICLE (INDIVIDUAL USE),Others,Others,0.0
Chandigarh,THREE WHEELER (GOODS),3-Wheelers,3W_Goods,128.0
Chandigarh,THREE WHEELER (PASSENGER),3-Wheelers,3W_Shared,414.0
Chandigarh,TRACTOR (COMMERCIAL),Others,Others,0.0
Chandigarh,TRAILER (COMMERCIAL),Others,Others,0.0
Chhattisgarh,ADAPTED VEHICLE,Others,Others,1.0
Chhattisgarh,AGRICULTURAL TRACTOR,Others,Others,14.0
Chhattisgarh,AMBULANCE,Others,Others,0.0
Chhattisgarh,ANIMAL AMBULANCE,Others,Others,0.0
Chhattisgarh,ARMOURED/SPECIALISED VEHICLE,Others,Others,0.0
Chhattisgarh,ARTICULATED VEHICLE,Others,Others,0.0
Chhattisgarh,BUS,Bus,Bus,1.0
Chhattisgarh,CAMPER VAN / TRAILER,Others,Others,0.0
Chhattisgarh,CAMPER VAN / TRAILER (PRIVATE USE),Others,Others,0.0
Chhattisgarh,CASH VAN,Others,Others,0.0
Chhattisgarh,CONSTRUCTION EQUIPMENT VEHICLE,Others,Others,460.0
Chhattisgarh,CONSTRUCTION EQUIPMENT VEHICLE (COMMERCIAL),Others,Others,0.0
Chhattisgarh,CRANE MOUNTED VEHICLE,Others,Others,1.0
Chhattisgarh,DUMPER,Others,Others,0.0
Chhattisgarh,E-RICKSHAW WITH CART (G),3-Wheelers,3W_Goods_LowSpeed,2408.0
Chhattisgarh,E-RICKSHAW(P),3-Wheelers,3W_Shared_LowSpeed,15943.0
Chhattisgarh,EARTH MOVING EQUIPMENT,Others,Others,0.0
Chhattisgarh,EDUCATIONAL INSTITUTION BUS,Bus,Institution Bus,0.0
Chhattisgarh,EXCAVATOR (COMMERCIAL),Others,Others,0.0
Chhattisgarh,EXCAVATOR (NT),Others,Others,0.0
Chhattisgarh,FIRE FIGHTING VEHICLE,Others,Others,0.0
Chhattisgarh,FIRE TENDERS,Others,Others,0.0
Chhattisgarh,FORK LIFT,Others,Others,0.0
Chhattisgarh,GOODS CARRIER,Others,Others,1095.0
Chhattisgarh,HARVESTER,Others,Others,0.0
Chhattisgarh,HEARSES,Others,Others,0.0
Chhattisgarh,LIBRARY VAN,Others,Others,0.0
Chhattisgarh,M-CYCLE/SCOOTER,2-Wheelers,2W_Personal,43889.0
Chhattisgarh,M-CYCLE/SCOOTER-WITH SIDE CAR,2-Wheelers,2W_Personal,13.0
Chhattisgarh,MAXI CAB,Others,Others,0.0
Chhattisgarh,MOBILE CANTEEN,Others,Others,0.0
Chhattisgarh,MOBILE CLINIC,Others,Others,0.0
Chhattisgarh,MOBILE WORKSHOP,Others,Others,0.0
Chhattisgarh,MOPED,2-Wheelers,2W_Personal,4924.0
Chhattisgarh,MOTOR CAB,4-Wheelers,4W_Shared,42.0
Chhattisgarh,MOTOR CAR,4-Wheelers,4W_Personal,1686.0
Chhattisgarh,MOTOR CARAVAN,Others,Others,0.0
Chhattisgarh,MOTOR CYCLE/SCOOTER-SIDECAR(T),Others,Others,0.0
Chhattisgarh,MOTOR CYCLE/SCOOTER-USED FOR HIRE,2-Wheelers,2W_Shared,0.0
Chhattisgarh,MOTORISED CYCLE (CC > 25CC),2-Wheelers,2W_Personal,2.0
Chhattisgarh,OMNI BUS,Bus,Bus,0.0
Chhattisgarh,OMNI BUS (PRIVATE USE),Bus,Bus,1.0
Chhattisgarh,PRIVATE SERVICE VEHICLE,Others,Others,0.0
Chhattisgarh,PRIVATE SERVICE VEHICLE (INDIVIDUAL USE),Others,Others,0.0
Chhattisgarh,RECOVERY VEHICLE,Others,Others,0.0
Chhattisgarh,ROAD ROLLER,Others,Others,4.0
Chhattisgarh,THREE WHEELER (GOODS),3-Wheelers,3W_Goods,771.0
Chhattisgarh,THREE WHEELER (PASSENGER),3-Wheelers,3W_Shared,3949.0
Chhattisgarh,THREE WHEELER (PERSONAL),3-Wheelers,3W_Personal,68.0
Chhattisgarh,TOW TRUCK,Others,Others,0.0
Chhattisgarh,TOWER WAGON,Others,Others,0.0
Chhattisgarh,TRACTOR (COMMERCIAL),Others,Others,1.0
Chhattisgarh,TRACTOR-TROLLEY(COMMERCIAL),Others,Others,0.0
Chhattisgarh,TRAILER (AGRICULTURAL),Others,Others,2.0
Chhattisgarh,TRAILER (COMMERCIAL),Others,Others,0.0
Chhattisgarh,TRAILER FOR PERSONAL USE,Others,Others,0.0
Chhattisgarh,VEHICLE FITTED WITH COMPRESSOR,Others,Others,0.0
Chhattisgarh,VEHICLE FITTED WITH RIG,Others,Others,0.0
Chhattisgarh,X-RAY VAN,Others,Others,0.0
DNH and DD,ADAPTED VEHICLE,Others,Others,0.0
DNH and DD,AGRICULTURAL TRACTOR,Others,Others,0.0
DNH and DD,AMBULANCE,Others,Others,0.0
DNH and DD,ANIMAL AMBULANCE,Others,Others,0.0
DNH and DD,ARTICULATED VEHICLE,Others,Others,0.0
DNH and DD,AUXILIARY TRAILER,Others,Others,0.0
DNH and DD,BUS,Bus,Bus,16.0
DNH and DD,CAMPER VAN / TRAILER,Others,Others,0.0
DNH and DD,CAMPER VAN / TRAILER (PRIVATE USE),Others,Others,0.0
DNH and DD,CONSTRUCTION EQUIPMENT VEHICLE,Others,Others,0.0
DNH and DD,CONSTRUCTION EQUIPMENT VEHICLE (COMMERCIAL),Others,Others,0.0
DNH and DD,CRANE MOUNTED VEHICLE,Others,Others,0.0
DNH and DD,DUMPER,Others,Others,0.0
DNH and DD,E-RICKSHAW(P),3-Wheelers,3W_Shared_LowSpeed,2.0
DNH and DD,EARTH MOVING EQUIPMENT,Others,Others,0.0
DNH and DD,EDUCATIONAL INSTITUTION BUS,Bus,Institution Bus,0.0
DNH and DD,EXCAVATOR (COMMERCIAL),Others,Others,0.0
DNH and DD,EXCAVATOR (NT),Others,Others,0.0
DNH and DD,FIRE FIGHTING VEHICLE,Others,Others,0.0
DNH and DD,FIRE TENDERS,Others,Others,0.0
DNH and DD,FORK LIFT,Others,Others,4.0
DNH and DD,GOODS CARRIER,Others,Others,3.0
DNH and DD,HEARSES,Others,Others,0.0
DNH and DD,M-CYCLE/SCOOTER,2-Wheelers,2W_Personal,128.0
DNH and DD,M-CYCLE/SCOOTER-WITH SIDE CAR,2-Wheelers,2W_Personal,0.0
DNH and DD,MAXI CAB,Others,Others,0.0
DNH and DD,MOBILE CANTEEN,Others,Others,0.0
DNH and DD,MOBILE CLINIC,Others,Others,0.0
DNH and DD,MOPED,2-Wheelers,2W_Personal,126.0
DNH and DD,MOTOR CAB,4-Wheelers,4W_Shared,3.0
DNH and DD,MOTOR CAR,4-Wheelers,4W_Personal,65.0
DNH and DD,MOTOR CYCLE/SCOOTER-USED FOR HIRE,2-Wheelers,2W_Shared,0.0
DNH and DD,MOTORISED CYCLE (CC > 25CC),2-Wheelers,2W_Personal,2.0
DNH and DD,OMNI BUS,Bus,Bus,9.0
DNH and DD,OMNI BUS (PRIVATE USE),Bus,Bus,0.0
DNH and DD,POWER TILLER (COMMERCIAL),Others,Others,0.0
DNH and DD,PRIVATE SERVICE VEHICLE,Others,Others,0.0
DNH and DD,PRIVATE SERVICE VEHICLE (INDIVIDUAL USE),Others,Others,0.0
DNH and DD,ROAD ROLLER,Others,Others,0.0
DNH and DD,SNORKED LADDERS,Others,Others,0.0
DNH and DD,THREE WHEELER (GOODS),3-Wheelers,3W_Goods,32.0
DNH and DD,THREE WHEELER (PASSENGER),3-Wheelers,3W_Shared,39.0
DNH and DD,THREE WHEELER (PERSONAL),3-Wheelers,3W_Personal,1.0
DNH and DD,TOW TRUCK,Others,Others,0.0
DNH and DD,TRACTOR (COMMERCIAL),Others,Others,0.0
DNH and DD,TRACTOR-TROLLEY(COMMERCIAL),Others,Others,0.0
DNH and DD,TRAILER (AGRICULTURAL),Others,Others,0.0
DNH and DD,TRAILER (COMMERCIAL),Others,Others,1.0
DNH and DD,TRAILER FOR PERSONAL USE,Others,Others,0.0
DNH and DD,VEHICLE FITTED WITH RIG,Others,Others,0.0
Delhi,ADAPTED VEHICLE,Others,Others,8.0
Delhi,AGRICULTURAL TRACTOR,Others,Others,0.0
Delhi,AMBULANCE,Others,Others,0.0
Delhi,ANIMAL AMBULANCE,Others,Others,0.0
Delhi,ARMOURED/SPECIALISED VEHICLE,Others,Others,0.0
Delhi,BUS,Bus,Bus,1730.0
Delhi,CASH VAN,Others,Others,0.0
Delhi,CONSTRUCTION EQUIPMENT VEHICLE,Others,Others,0.0
Delhi,CONSTRUCTION EQUIPMENT VEHICLE (COMMERCIAL),Others,Others,0.0
Delhi,CRANE MOUNTED VEHICLE,Others,Others,0.0
Delhi,E-RICKSHAW WITH CART (G),3-Wheelers,3W_Goods_LowSpeed,13670.0
Delhi,E-RICKSHAW(P),3-Wheelers,3W_Shared_LowSpeed,134439.0
Delhi,EDUCATIONAL INSTITUTION BUS,Bus,Institution Bus,0.0
Delhi,FIRE FIGHTING VEHICLE,Others,Others,0.0
Delhi,FIRE TENDERS,Others,Others,0.0
Delhi,GOODS CARRIER,Others,Others,408.0
Delhi,LIBRARY VAN,Others,Others,0.0
Delhi,LUXURY CAB,4-Wheelers,4W_Shared,0.0
Delhi,M-CYCLE/SCOOTER,2-Wheelers,2W_Personal,85189.0
Delhi,M-CYCLE/SCOOTER-WITH SIDE CAR,2-Wheelers,2W_Personal,14.0
Delhi,MAXI CAB,Others,Others,1.0
Delhi,MOBILE CLINIC,Others,Others,0.0
Delhi,MOBILE WORKSHOP,Others,Others,0.0
Delhi,MOPED,2-Wheelers,2W_Personal,54.0
Delhi,MOTOR CAB,4-Wheelers,4W_Shared,7143.0
Delhi,MOTOR CAR,4-Wheelers,4W_Personal,12021.0
Delhi,MOTORISED CYCLE (CC > 25CC),2-Wheelers,2W_Personal,101.0
Delhi,OMNI BUS,Bus,Bus,1.0
Delhi,OMNI BUS (PRIVATE USE),Bus,Bus,0.0
Delhi,PRIVATE SERVICE VEHICLE (INDIVIDUAL USE),Others,Others,0.0
Delhi,RECOVERY VEHICLE,Others,Others,0.0
Delhi,THREE WHEELER (GOODS),3-Wheelers,3W_Goods,12344.0
Delhi,THREE WHEELER (PASSENGER),3-Wheelers,3W_Shared,1415.0
Delhi,THREE WHEELER (PERSONAL),3-Wheelers,3W_Personal,0.0
Goa,ADAPTED VEHICLE,Others,Others,0.0
Goa,AGRICULTURAL TRACTOR,Others,Others,0.0
Goa,AMBULANCE,Others,Others,0.0
Goa,ANIMAL AMBULANCE,Others,Others,0.0
Goa,BULLDOZER,Others,Others,0.0
Goa,BUS,Bus,Bus,107.0
Goa,CAMPER VAN / TRAILER (PRIVATE USE),Others,Others,0.0
Goa,CASH VAN,Others,Others,0.0
Goa,CONSTRUCTION EQUIPMENT VEHICLE,Others,Others,0.0
Goa,CONSTRUCTION EQUIPMENT VEHICLE (COMMERCIAL),Others,Others,0.0
Goa,CRANE MOUNTED VEHICLE,Others,Others,0.0
Goa,DUMPER,Others,Others,0.0
Goa,E-RICKSHAW WITH CART (G),3-Wheelers,3W_Goods_LowSpeed,60.0
Goa,E-RICKSHAW(P),3-Wheelers,3W_Shared_LowSpeed,12.0
Goa,EARTH MOVING EQUIPMENT,Others,Others,0.0
Goa,EDUCATIONAL INSTITUTION BUS,Bus,Institution Bus,0.0
Goa,EXCAVATOR (COMMERCIAL),Others,Others,0.0
Goa,EXCAVATOR (NT),Others,Others,0.0
Goa,FIRE FIGHTING VEHICLE,Others,Others,0.0
Goa,FIRE TENDERS,Others,Others,0.0
Goa,FORK LIFT,Others,Others,2.0
Goa,GOODS CARRIER,Others,Others,47.0
Goa,HEARSES,Others,Others,0.0
Goa,LIBRARY VAN,Others,Others,0.0
Goa,M-CYCLE/SCOOTER,2-Wheelers,2W_Personal,15054.0
Goa,M-CYCLE/SCOOTER-WITH SIDE CAR,2-Wheelers,2W_Personal,2.0
Goa,MAXI CAB,Others,Others,1.0
Goa,MOBILE CANTEEN,Others,Others,0.0
Goa,MOBILE CLINIC,Others,Others,0.0
Goa,MOBILE WORKSHOP,Others,Others,0.0
Goa,MOPED,2-Wheelers,2W_Personal,30.0
Goa,MOTOR CAB,4-Wheelers,4W_Shared,2.0
Goa,MOTOR CAR,4-Wheelers,4W_Personal,1921.0
Goa,MOTOR CYCLE/SCOOTER-SIDECAR(T),Others,Others,0.0
Goa,MOTOR CYCLE/SCOOTER-USED FOR HIRE,2-Wheelers,2W_Shared,0.0
Goa,MOTOR CYCLE/SCOOTER-WITH TRAILER,Others,Others,40.0
Goa,MOTORISED CYCLE (CC > 25CC),2-Wheelers,2W_Personal,65.0
Goa,OMNI BUS,Bus,Bus,1.0
Goa,OMNI BUS (PRIVATE USE),Bus,Bus,0.0
Goa,PRIVATE SERVICE VEHICLE,Others,Others,0.0
Goa,PRIVATE SERVICE VEHICLE (INDIVIDUAL USE),Others,Others,0.0
Goa,RECOVERY VEHICLE,Others,Others,0.0
Goa,ROAD ROLLER,Others,Others,0.0
Goa,THREE WHEELER (GOODS),3-Wheelers,3W_Goods,16.0
Goa,THREE WHEELER (PASSENGER),3-Wheelers,3W_Shared,14.0
Goa,THREE WHEELER (PERSONAL),3-Wheelers,3W_Personal,8.0
Goa,TOW TRUCK,Others,Others,0.0
Goa,TOWER WAGON,Others,Others,0.0
Goa,TRACTOR (COMMERCIAL),Others,Others,0.0
Goa,TRACTOR-TROLLEY(COMMERCIAL),Others,Others,0.0
Goa,TRAILER (AGRICULTURAL),Others,Others,0.0
Goa,TRAILER (COMMERCIAL),Others,Others,0.0
Goa,TRAILER FOR PERSONAL USE,Others,Others,0.0
Goa,VEHICLE FITTED WITH COMPRESSOR,Others,Others,0.0
Goa,VEHICLE FITTED WITH GENERATOR,Others,Others,0.0
Goa,VEHICLE FITTED WITH RIG,Others,Others,0.0
Gujarat,ADAPTED VEHICLE,Others,Others,38.0
Gujarat,AGRICULTURAL TRACTOR,Others,Others,6.0
Gujarat,AMBULANCE,Others,Others,1.0
Gujarat,ANIMAL AMBULANCE,Others,Others,0.0
Gujarat,ARMOURED/SPECIALISED VEHICLE,Others,Others,0.0
Gujarat,ARTICULATED VEHICLE,Others,Others,0.0
Gujarat,AUXILIARY TRAILER,Others,Others,0.0
Gujarat,BREAKDOWN VAN,Others,Others,0.0
Gujarat,BUS,Bus,Bus,622.0
Gujarat,CAMPER VAN / TRAILER,Others,Others,0.0
Gujarat,CAMPER VAN / TRAILER (PRIVATE USE),Others,Others,0.0
Gujarat,CASH VAN,Others,Others,0.0
Gujarat,CONSTRUCTION EQUIPMENT VEHICLE,Others,Others,8.0
Gujarat,CONSTRUCTION EQUIPMENT VEHICLE (COMMERCIAL),Others,Others,0.0
Gujarat,CRANE MOUNTED VEHICLE,Others,Others,12.0
Gujarat,DUMPER,Others,Others,0.0
Gujarat,E-RICKSHAW WITH CART (G),3-Wheelers,3W_Goods_LowSpeed,979.0
Gujarat,E-RICKSHAW(P),3-Wheelers,3W_Shared_LowSpeed,778.0
Gujarat,EARTH MOVING EQUIPMENT,Others,Others,0.0
Gujarat,EDUCATIONAL INSTITUTION BUS,Bus,Institution Bus,0.0
Gujarat,EXCAVATOR (COMMERCIAL),Others,Others,1.0
Gujarat,EXCAVATOR (NT),Others,Others,0.0
Gujarat,FIRE FIGHTING VEHICLE,Others,Others,0.0
Gujarat,FIRE TENDERS,Others,Others,0.0
Gujarat,FORK LIFT,Others,Others,293.0
Gujarat,GOODS CARRIER,Others,Others,384.0
Gujarat,HARVESTER,Others,Others,0.0
Gujarat,HEARSES,Others,Others,0.0
Gujarat,LIBRARY VAN,Others,Others,0.0
Gujarat,LUXURY CAB,4-Wheelers,4W_Shared,0.0
Gujarat,M-CYCLE/SCOOTER,2-Wheelers,2W_Personal,141152.0
Gujarat,M-CYCLE/SCOOTER-WITH SIDE CAR,2-Wheelers,2W_Personal,8.0
Gujarat,MAXI CAB,Others,Others,0.0
Gujarat,MOBILE CANTEEN,Others,Others,0.0
Gujarat,MOBILE CLINIC,Others,Others,0.0
Gujarat,MOBILE WORKSHOP,Others,Others,0.0
Gujarat,MOPED,2-Wheelers,2W_Personal,16165.0
Gujarat,MOTOR CAB,4-Wheelers,4W_Shared,143.0
Gujarat,MOTOR CAR,4-Wheelers,4W_Personal,10865.0
Gujarat,MOTOR CYCLE/SCOOTER-SIDECAR(T),Others,Others,0.0
Gujarat,MOTOR CYCLE/SCOOTER-USED FOR HIRE,2-Wheelers,2W_Shared,1.0
Gujarat,MOTORISED CYCLE (CC > 25CC),2-Wheelers,2W_Personal,545.0
Gujarat,OMNI BUS,Bus,Bus,1.0
Gujarat,OMNI BUS (PRIVATE USE),Bus,Bus,0.0
Gujarat,POWER TILLER,Others,Others,0.0
Gujarat,PRIVATE SERVICE VEHICLE,Others,Others,0.0
Gujarat,PRIVATE SERVICE VEHICLE (INDIVIDUAL USE),Others,Others,0.0
Gujarat,QUADRICYCLE (COMMERCIAL),Others,Others,0.0
Gujarat,QUADRICYCLE (PRIVATE),Others,Others,0.0
Gujarat,RECOVERY VEHICLE,Others,Others,0.0
Gujarat,ROAD ROLLER,Others,Others,0.0
Gujarat,SEMI-TRAILER (COMMERCIAL),Others,Others,0.0
Gujarat,SNORKED LADDERS,Others,Others,0.0
Gujarat,THREE WHEELER (GOODS),3-Wheelers,3W_Goods,3415.0
Gujarat,THREE WHEELER (PASSENGER),3-Wheelers,3W_Shared,1253.0
Gujarat,THREE WHEELER (PERSONAL),3-Wheelers,3W_Personal,35.0
Gujarat,TOW TRUCK,Others,Others,0.0
Gujarat,TOWER WAGON,Others,Others,0.0
Gujarat,TRACTOR (COMMERCIAL),Others,Others,0.0
Gujarat,TRACTOR-TROLLEY(COMMERCIAL),Others,Others,0.0
Gujarat,TRAILER (AGRICULTURAL),Others,Others,7.0
Gujarat,TRAILER (COMMERCIAL),Others,Others,1.0
Gujarat,TRAILER FOR PERSONAL USE,Others,Others,0.0
Gujarat,TREE TRIMMING VEHICLE,Others,Others,0.0
Gujarat,VEHICLE FITTED WITH COMPRESSOR,Others,Others,0.0
Gujarat,VEHICLE FITTED WITH GENERATOR,Others,Others,0.0
Gujarat,VEHICLE FITTED WITH RIG,Others,Others,0.0
Gujarat,X-RAY VAN,Others,Others,0.0
Haryana,ADAPTED VEHICLE,Others,Others,1.0
Haryana,AGRICULTURAL TRACTOR,Others,Others,37.0
Haryana,AMBULANCE,Others,Others,0.0
Haryana,ANIMAL AMBULANCE,Others,Others,0.0
Haryana,ARMOURED/SPECIALISED VEHICLE,Others,Others,0.0
Haryana,ARTICULATED VEHICLE,Others,Others,0.0
Haryana,BREAKDOWN VAN,Others,Others,0.0
Haryana,BULLDOZER,Others,Others,0.0
Haryana,BUS,Bus,Bus,16.0
Haryana,CAMPER VAN / TRAILER,Others,Others,0.0
Haryana,CAMPER VAN / TRAILER (PRIVATE USE),Others,Others,0.0
Haryana,CASH VAN,Others,Others,0.0
Haryana,CONSTRUCTION EQUIPMENT VEHICLE,Others,Others,0.0
Haryana,CONSTRUCTION EQUIPMENT VEHICLE (COMMERCIAL),Others,Others,0.0
Haryana,CRANE MOUNTED VEHICLE,Others,Others,1.0
Haryana,DUMPER,Others,Others,0.0
Haryana,E-RICKSHAW WITH CART (G),3-Wheelers,3W_Goods_LowSpeed,4929.0
Haryana,E-RICKSHAW(P),3-Wheelers,3W_Shared_LowSpeed,43732.0
Haryana,EARTH MOVING EQUIPMENT,Others,Others,1.0
Haryana,EDUCATIONAL INSTITUTION BUS,Bus,Institution Bus,0.0
Haryana,EXCAVATOR (COMMERCIAL),Others,Others,0.0
Haryana,EXCAVATOR (NT),Others,Others,0.0
Haryana,FIRE FIGHTING VEHICLE,Others,Others,0.0
Haryana,FIRE TENDERS,Others,Others,0.0
Haryana,FORK LIFT,Others,Others,1.0
Haryana,GOODS CARRIER,Others,Others,204.0
Haryana,HARVESTER,Others,Others,1.0
Haryana,HEARSES,Others,Others,0.0
Haryana,LIBRARY VAN,Others,Others,0.0
Haryana,LUXURY CAB,4-Wheelers,4W_Shared,0.0
Haryana,M-CYCLE/SCOOTER,2-Wheelers,2W_Personal,25713.0
Haryana,M-CYCLE/SCOOTER-WITH SIDE CAR,2-Wheelers,2W_Personal,45.0
Haryana,MAXI CAB,Others,Others,0.0
Haryana,MOBILE CANTEEN,Others,Others,0.0
Haryana,MOBILE CLINIC,Others,Others,0.0
Haryana,MOBILE WORKSHOP,Others,Others,0.0
Haryana,MOPED,2-Wheelers,2W_Personal,387.0
Haryana,MOTOR CAB,4-Wheelers,4W_Shared,1314.0
Haryana,MOTOR CAR,4-Wheelers,4W_Personal,2687.0
Haryana,MOTOR CYCLE/SCOOTER-SIDECAR(T),Others,Others,6.0
Haryana,MOTOR CYCLE/SCOOTER-USED FOR HIRE,2-Wheelers,2W_Shared,52.0
Haryana,MOTORISED CYCLE (CC > 25CC),2-Wheelers,2W_Personal,1173.0
Haryana,OMNI BUS,Bus,Bus,0.0
Haryana,OMNI BUS (PRIVATE USE),Bus,Bus,0.0
Haryana,POWER TILLER (COMMERCIAL),Others,Others,0.0
Haryana,PRIVATE SERVICE VEHICLE,Others,Others,0.0
Haryana,PRIVATE SERVICE VEHICLE (INDIVIDUAL USE),Others,Others,0.0
Haryana,QUADRICYCLE (COMMERCIAL),Others,Others,0.0
Haryana,RECOVERY VEHICLE,Others,Others,0.0
Haryana,ROAD ROLLER,Others,Others,0.0
Haryana,THREE WHEELER (GOODS),3-Wheelers,3W_Goods,1249.0
Haryana,THREE WHEELER (PASSENGER),3-Wheelers,3W_Shared,3701.0
Haryana,THREE WHEELER (PERSONAL),3-Wheelers,3W_Personal,0.0
Haryana,TOW TRUCK,Others,Others,0.0
Haryana,TOWER WAGON,Others,Others,0.0
Haryana,TRACTOR (COMMERCIAL),Others,Others,0.0
Haryana,TRAILER (AGRICULTURAL),Others,Others,0.0
Haryana,TRAILER (COMMERCIAL),Others,Others,0.0
Haryana,TRAILER FOR PERSONAL USE,Others,Others,0.0
Haryana,TREE TRIMMING VEHICLE,Others,Others,0.0
Haryana,VEHICLE FITTED WITH COMPRESSOR,Others,Others,0.0
Haryana,VEHICLE FITTED WITH GENERATOR,Others,Others,0.0
Haryana,VEHICLE FITTED WITH RIG,Others,Others,0.0
Haryana,X-RAY VAN,Others,Others,0.0
Himachal Pradesh,ADAPTED VEHICLE,Others,Others,0.0
Himachal Pradesh,AGRICULTURAL TRACTOR,Others,Others,0.0
Himachal Pradesh,AMBULANCE,Others,Others,0.0
Himachal Pradesh,ANIMAL AMBULANCE,Others,Others,0.0
Himachal Pradesh,ARMOURED/SPECIALISED VEHICLE,Others,Others,0.0
Himachal Pradesh,BREAKDOWN VAN,Others,Others,0.0
Himachal Pradesh,BUS,Bus,Bus,88.0
Himachal Pradesh,CAMPER VAN / TRAILER,Others,Others,0.0
Himachal Pradesh,CAMPER VAN / TRAILER (PRIVATE USE),Others,Others,0.0
Himachal Pradesh,CONSTRUCTION EQUIPMENT VEHICLE,Others,Others,0.0
Himachal Pradesh,CRANE MOUNTED VEHICLE,Others,Others,0.0
Himachal Pradesh,DUMPER,Others,Others,0.0
Himachal Pradesh,E-RICKSHAW WITH CART (G),3-Wheelers,3W_Goods_LowSpeed,10.0
Himachal Pradesh,E-RICKSHAW(P),3-Wheelers,3W_Shared_LowSpeed,188.0
Himachal Pradesh,EARTH MOVING EQUIPMENT,Others,Others,1.0
Himachal Pradesh,EDUCATIONAL INSTITUTION BUS,Bus,Institution Bus,0.0
Himachal Pradesh,EXCAVATOR (COMMERCIAL),Others,Others,0.0
Himachal Pradesh,EXCAVATOR (NT),Others,Others,0.0
Himachal Pradesh,FIRE FIGHTING VEHICLE,Others,Others,0.0
Himachal Pradesh,FIRE TENDERS,Others,Others,0.0
Himachal Pradesh,FORK LIFT,Others,Others,0.0
Himachal Pradesh,GOODS CARRIER,Others,Others,15.0
Himachal Pradesh,HARVESTER,Others,Others,0.0
Himachal Pradesh,HEARSES,Others,Others,0.0
Himachal Pradesh,M-CYCLE/SCOOTER,2-Wheelers,2W_Personal,2172.0
Himachal Pradesh,M-CYCLE/SCOOTER-WITH SIDE CAR,2-Wheelers,2W_Personal,10.0
Himachal Pradesh,MAXI CAB,Others,Others,43.0
Himachal Pradesh,MOBILE CANTEEN,Others,Others,0.0
Himachal Pradesh,MOBILE CLINIC,Others,Others,0.0
Himachal Pradesh,MOBILE WORKSHOP,Others,Others,0.0
Himachal Pradesh,MOPED,2-Wheelers,2W_Personal,35.0
Himachal Pradesh,MOTOR CAB,4-Wheelers,4W_Shared,3.0
Himachal Pradesh,MOTOR CAR,4-Wheelers,4W_Personal,224.0
Himachal Pradesh,MOTOR CYCLE/SCOOTER-USED FOR HIRE,2-Wheelers,2W_Shared,0.0
Himachal Pradesh,MOTORISED CYCLE (CC > 25CC),2-Wheelers,2W_Personal,29.0
Himachal Pradesh,OMNI BUS,Bus,Bus,30.0
Himachal Pradesh,OMNI BUS (PRIVATE USE),Bus,Bus,0.0
Himachal Pradesh,PRIVATE SERVICE VEHICLE,Others,Others,1.0
Himachal Pradesh,PRIVATE SERVICE VEHICLE (INDIVIDUAL USE),Others,Others,5.0
Himachal Pradesh,RECOVERY VEHICLE,Others,Others,0.0
Himachal Pradesh,ROAD ROLLER,Others,Others,0.0
Himachal Pradesh,THREE WHEELER (GOODS),3-Wheelers,3W_Goods,3.0
Himachal Pradesh,THREE WHEELER (PASSENGER),3-Wheelers,3W_Shared,27.0
Himachal Pradesh,THREE WHEELER (PERSONAL),3-Wheelers,3W_Personal,2.0
Himachal Pradesh,TOW TRUCK,Others,Others,0.0
Himachal Pradesh,TRACTOR (COMMERCIAL),Others,Others,0.0
Himachal Pradesh,TRACTOR-TROLLEY(COMMERCIAL),Others,Others,0.0
Himachal Pradesh,TRAILER (AGRICULTURAL),Others,Others,0.0
Himachal Pradesh,TRAILER (COMMERCIAL),Others,Others,0.0
Himachal Pradesh,TRAILER FOR PERSONAL USE,Others,Others,0.0
Himachal Pradesh,TREE TRIMMING VEHICLE,Others,Others,0.0
Himachal Pradesh,VEHICLE FITTED WITH COMPRESSOR,Others,Others,0.0
Himachal Pradesh,VEHICLE FITTED WITH GENERATOR,Others,Others,0.0
Himachal Pradesh,VEHICLE FITTED WITH RIG,Others,Others,0.0
Jammu and Kashmir,ADAPTED VEHICLE,Others,Others,0.0
Jammu and Kashmir,AGRICULTURAL TRACTOR,Others,Others,1.0
Jammu and Kashmir,AMBULANCE,Others,Others,0.0
Jammu and Kashmir,ANIMAL AMBULANCE,Others,Others,0.0
Jammu and Kashmir,ARMOURED/SPECIALISED VEHICLE,Others,Others,0.0
Jammu and Kashmir,ARTICULATED VEHICLE,Others,Others,0.0
Jammu and Kashmir,BREAKDOWN VAN,Others,Others,0.0
Jammu and Kashmir,BUS,Bus,Bus,190.0
Jammu and Kashmir,CAMPER VAN / TRAILER,Others,Others,0.0
Jammu and Kashmir,CAMPER VAN / TRAILER (PRIVATE USE),Others,Others,0.0
Jammu and Kashmir,CASH VAN,Others,Others,0.0
Jammu and Kashmir,CONSTRUCTION EQUIPMENT VEHICLE,Others,Others,0.0
Jammu and Kashmir,CONSTRUCTION EQUIPMENT VEHICLE (COMMERCIAL),Others,Others,0.0
Jammu and Kashmir,CRANE MOUNTED VEHICLE,Others,Others,0.0
Jammu and Kashmir,DUMPER,Others,Others,0.0
Jammu and Kashmir,E-RICKSHAW WITH CART (G),3-Wheelers,3W_Goods_LowSpeed,314.0
Jammu and Kashmir,E-RICKSHAW(P),3-Wheelers,3W_Shared_LowSpeed,7812.0
Jammu and Kashmir,EARTH MOVING EQUIPMENT,Others,Others,0.0
Jammu and Kashmir,EDUCATIONAL INSTITUTION BUS,Bus,Institution Bus,0.0
Jammu and Kashmir,EXCAVATOR (COMMERCIAL),Others,Others,0.0
Jammu and Kashmir,EXCAVATOR (NT),Others,Others,0.0
Jammu and Kashmir,FIRE FIGHTING VEHICLE,Others,Others,0.0
Jammu and Kashmir,FIRE TENDERS,Others,Others,0.0
Jammu and Kashmir,FORK LIFT,Others,Others,0.0
Jammu and Kashmir,GOODS CARRIER,Others,Others,2.0
Jammu and Kashmir,HARVESTER,Others,Others,0.0
Jammu and Kashmir,HEARSES,Others,Others,0.0
Jammu and Kashmir,LUXURY CAB,4-Wheelers,4W_Shared,0.0
Jammu and Kashmir,M-CYCLE/SCOOTER,2-Wheelers,2W_Personal,804.0
Jammu and Kashmir,M-CYCLE/SCOOTER-WITH SIDE CAR,2-Wheelers,2W_Personal,0.0
Jammu and Kashmir,MAXI CAB,Others,Others,0.0
Jammu and Kashmir,MOBILE CANTEEN,Others,Others,0.0
Jammu and Kashmir,MOBILE CLINIC,Others,Others,0.0
Jammu and Kashmir,MOBILE WORKSHOP,Others,Others,0.0
Jammu and Kashmir,MOPED,2-Wheelers,2W_Personal,4708.0
Jammu and Kashmir,MOTOR CAB,4-Wheelers,4W_Shared,0.0
Jammu and Kashmir,MOTOR CAR,4-Wheelers,4W_Personal,210.0
Jammu and Kashmir,MOTORISED CYCLE (CC > 25CC),2-Wheelers,2W_Personal,0.0
Jammu and Kashmir,OMNI BUS,Bus,Bus,2.0
Jammu and Kashmir,OMNI BUS (PRIVATE USE),Bus,Bus,0.0
Jammu and Kashmir,PRIVATE SERVICE VEHICLE,Others,Others,0.0
Jammu and Kashmir,PRIVATE SERVICE VEHICLE (INDIVIDUAL USE),Others,Others,0.0
Jammu and Kashmir,RECOVERY VEHICLE,Others,Others,0.0
Jammu and Kashmir,THREE WHEELER (GOODS),3-Wheelers,3W_Goods,37.0
Jammu and Kashmir,THREE WHEELER (PASSENGER),3-Wheelers,3W_Shared,2760.0
Jammu and Kashmir,THREE WHEELER (PERSONAL),3-Wheelers,3W_Personal,0.0
Jammu and Kashmir,TRACTOR (COMMERCIAL),Others,Others,0.0
Jammu and Kashmir,TRACTOR-TROLLEY(COMMERCIAL),Others,Others,0.0
Jammu and Kashmir,TRAILER (AGRICULTURAL),Others,Others,0.0
Jammu and Kashmir,TRAILER FOR PERSONAL USE,Others,Others,0.0
Jammu and Kashmir,VEHICLE FITTED WITH COMPRESSOR,Others,Others,0.0
Jammu and Kashmir,VEHICLE FITTED WITH RIG,Others,Others,0.0
Jammu and Kashmir,X-RAY VAN,Others,Others,0.0
Jharkhand,ADAPTED VEHICLE,Others,Others,0.0
Jharkhand,AGRICULTURAL TRACTOR,Others,Others,0.0
Jharkhand,AMBULANCE,Others,Others,0.0
Jharkhand,ARTICULATED VEHICLE,Others,Others,0.0
Jharkhand,AUXILIARY TRAILER,Others,Others,0.0
Jharkhand,BUS,Bus,Bus,2.0
Jharkhand,CAMPER VAN / TRAILER,Others,Others,0.0
Jharkhand,CASH VAN,Others,Others,0.0
Jharkhand,CONSTRUCTION EQUIPMENT VEHICLE,Others,Others,0.0
Jharkhand,CONSTRUCTION EQUIPMENT VEHICLE (COMMERCIAL),Others,Others,0.0
Jharkhand,CRANE MOUNTED VEHICLE,Others,Others,0.0
Jharkhand,DUMPER,Others,Others,0.0
Jharkhand,E-RICKSHAW WITH CART (G),3-Wheelers,3W_Goods_LowSpeed,513.0
Jharkhand,E-RICKSHAW(P),3-Wheelers,3W_Shared_LowSpeed,26189.0
Jharkhand,EARTH MOVING EQUIPMENT,Others,Others,0.0
Jharkhand,EDUCATIONAL INSTITUTION BUS,Bus,Institution Bus,0.0
Jharkhand,EXCAVATOR (COMMERCIAL),Others,Others,0.0
Jharkhand,EXCAVATOR (NT),Others,Others,0.0
Jharkhand,FIRE FIGHTING VEHICLE,Others,Others,0.0
Jharkhand,FIRE TENDERS,Others,Others,0.0
Jharkhand,FORK LIFT,Others,Others,0.0
Jharkhand,GOODS CARRIER,Others,Others,23.0
Jharkhand,HEARSES,Others,Others,0.0
Jharkhand,LIBRARY VAN,Others,Others,0.0
Jharkhand,LUXURY CAB,4-Wheelers,4W_Shared,0.0
Jharkhand,M-CYCLE/SCOOTER,2-Wheelers,2W_Personal,16685.0
Jharkhand,M-CYCLE/SCOOTER-WITH SIDE CAR,2-Wheelers,2W_Personal,0.0
Jharkhand,MAXI CAB,Others,Others,1.0
Jharkhand,MOBILE CANTEEN,Others,Others,0.0
Jharkhand,MOBILE CLINIC,Others,Others,0.0
Jharkhand,MOBILE WORKSHOP,Others,Others,0.0
Jharkhand,MOPED,2-Wheelers,2W_Personal,2.0
Jharkhand,MOTOR CAB,4-Wheelers,4W_Shared,187.0
Jharkhand,MOTOR CAR,4-Wheelers,4W_Personal,602.0
Jharkhand,MOTOR CYCLE/SCOOTER-USED FOR HIRE,2-Wheelers,2W_Shared,0.0
Jharkhand,MOTORISED CYCLE (CC > 25CC),2-Wheelers,2W_Personal,590.0
Jharkhand,OMNI BUS,Bus,Bus,0.0
Jharkhand,OMNI BUS (PRIVATE USE),Bus,Bus,0.0
Jharkhand,POWER TILLER (COMMERCIAL),Others,Others,0.0
Jharkhand,PRIVATE SERVICE VEHICLE,Others,Others,0.0
Jharkhand,PRIVATE SERVICE VEHICLE (INDIVIDUAL USE),Others,Others,0.0
Jharkhand,ROAD ROLLER,Others,Others,0.0
Jharkhand,SNORKED LADDERS,Others,Others,0.0
Jharkhand,THREE WHEELER (GOODS),3-Wheelers,3W_Goods,479.0
Jharkhand,THREE WHEELER (PASSENGER),3-Wheelers,3W_Shared,2589.0
Jharkhand,THREE WHEELER (PERSONAL),3-Wheelers,3W_Personal,0.0
Jharkhand,TOWER WAGON,Others,Others,0.0
Jharkhand,TRACTOR (COMMERCIAL),Others,Others,0.0
Jharkhand,TRACTOR-TROLLEY(COMMERCIAL),Others,Others,7.0
Jharkhand,TRAILER (AGRICULTURAL),Others,Others,0.0
Jharkhand,TRAILER (COMMERCIAL),Others,Others,2.0
Jharkhand,VEHICLE FITTED WITH COMPRESSOR,Others,Others,0.0
Jharkhand,VEHICLE FITTED WITH GENERATOR,Others,Others,0.0
Jharkhand,VEHICLE FITTED WITH RIG,Others,Others,0.0
Karnataka,ADAPTED VEHICLE,Others,Others,34.0
Karnataka,AGRICULTURAL TRACTOR,Others,Others,5.0
Karnataka,AMBULANCE,Others,Others,0.0
Karnataka,ANIMAL AMBULANCE,Others,Others,0.0
Karnataka,ARMOURED/SPECIALISED VEHICLE,Others,Others,0.0
Karnataka,ARTICULATED VEHICLE,Others,Others,0.0
Karnataka,BREAKDOWN VAN,Others,Others,0.0
Karnataka,BULLDOZER,Others,Others,0.0
Karnataka,BUS,Bus,Bus,764.0
Karnataka,CAMPER VAN / TRAILER,Others,Others,0.0
Karnataka,CAMPER VAN / TRAILER (PRIVATE USE),Others,Others,0.0
Karnataka,CASH VAN,Others,Others,0.0
Karnataka,CONSTRUCTION EQUIPMENT VEHICLE,Others,Others,0.0
Karnataka,CONSTRUCTION EQUIPMENT VEHICLE (COMMERCIAL),Others,Others,0.0
Karnataka,CRANE MOUNTED VEHICLE,Others,Others,1.0
Karnataka,DUMPER,Others,Others,0.0
Karnataka,E-RICKSHAW WITH CART (G),3-Wheelers,3W_Goods_LowSpeed,1615.0
Karnataka,E-RICKSHAW(P),3-Wheelers,3W_Shared_LowSpeed,833.0
Karnataka,EARTH MOVING EQUIPMENT,Others,Others,0.0
Karnataka,EDUCATIONAL INSTITUTION BUS,Bus,Institution Bus,0.0
Karnataka,EXCAVATOR (COMMERCIAL),Others,Others,0.0
Karnataka,EXCAVATOR (NT),Others,Others,0.0
Karnataka,FIRE FIGHTING VEHICLE,Others,Others,0.0
Karnataka,FIRE TENDERS,Others,Others,0.0
Karnataka,FORK LIFT,Others,Others,0.0
Karnataka,GOODS CARRIER,Others,Others,314.0
Karnataka,HARVESTER,Others,Others,0.0
Karnataka,HEARSES,Others,Others,0.0
Karnataka,LIBRARY VAN,Others,Others,0.0
Karnataka,LUXURY CAB,4-Wheelers,4W_Shared,22.0
Karnataka,M-CYCLE/SCOOTER,2-Wheelers,2W_Personal,254789.0
Karnataka,M-CYCLE/SCOOTER-WITH SIDE CAR,2-Wheelers,2W_Personal,261.0
Karnataka,MAXI CAB,Others,Others,46.0
Karnataka,MOBILE CANTEEN,Others,Others,0.0
Karnataka,MOBILE CLINIC,Others,Others,0.0
Karnataka,MOBILE WORKSHOP,Others,Others,0.0
Karnataka,MOPED,2-Wheelers,2W_Personal,6541.0
Karnataka,MOTOR CAB,4-Wheelers,4W_Shared,5051.0
Karnataka,MOTOR CAR,4-Wheelers,4W_Personal,17016.0
Karnataka,MOTOR CYCLE/SCOOTER-SIDECAR(T),Others,Others,13.0
Karnataka,MOTOR CYCLE/SCOOTER-USED FOR HIRE,2-Wheelers,2W_Shared,11493.0
Karnataka,MOTOR CYCLE/SCOOTER-WITH TRAILER,Others,Others,7.0
Karnataka,MOTORISED CYCLE (CC > 25CC),2-Wheelers,2W_Personal,5587.0
Karnataka,OMNI BUS,Bus,Bus,0.0
Karnataka,OMNI BUS (PRIVATE USE),Bus,Bus,0.0
Karnataka,POWER TILLER,Others,Others,0.0
Karnataka,POWER TILLER (COMMERCIAL),Others,Others,0.0
Karnataka,PRIVATE SERVICE VEHICLE,Others,Others,0.0
Karnataka,PRIVATE SERVICE VEHICLE (INDIVIDUAL USE),Others,Others,5.0
Karnataka,QUADRICYCLE (COMMERCIAL),Others,Others,0.0
Karnataka,QUADRICYCLE (PRIVATE),Others,Others,0.0
Karnataka,RECOVERY VEHICLE,Others,Others,0.0
Karnataka,ROAD ROLLER,Others,Others,0.0
Karnataka,SEMI-TRAILER (COMMERCIAL),Others,Others,0.0
Karnataka,SNORKED LADDERS,Others,Others,0.0
Karnataka,THREE WHEELER (GOODS),3-Wheelers,3W_Goods,5959.0
Karnataka,THREE WHEELER (PASSENGER),3-Wheelers,3W_Shared,5000.0
Karnataka,THREE WHEELER (PERSONAL),3-Wheelers,3W_Personal,44.0
Karnataka,TOW TRUCK,Others,Others,0.0
Karnataka,TOWER WAGON,Others,Others,0.0
Karnataka,TRACTOR (COMMERCIAL),Others,Others,0.0
Karnataka,TRACTOR-TROLLEY(COMMERCIAL),Others,Others,0.0
Karnataka,TRAILER (AGRICULTURAL),Others,Others,97.0
Karnataka,TRAILER (COMMERCIAL),Others,Others,1.0
Karnataka,TRAILER FOR PERSONAL USE,Others,Others,0.0
Karnataka,TREE TRIMMING VEHICLE,Others,Others,0.0
Karnataka,VEHICLE FITTED WITH COMPRESSOR,Others,Others,0.0
Karnataka,VEHICLE FITTED WITH GENERATOR,Others,Others,0.0
Karnataka,VEHICLE FITTED WITH RIG,Others,Others,0.0
Karnataka,X-RAY VAN,Others,Others,0.0
Kerala,ADAPTED VEHICLE,Others,Others,41.0
Kerala,AGRICULTURAL TRACTOR,Others,Others,0.0
Kerala,AMBULANCE,Others,Others,0.0
Kerala,ANIMAL AMBULANCE,Others,Others,0.0
Kerala,ARMOURED/SPECIALISED VEHICLE,Others,Others,0.0
Kerala,ARTICULATED VEHICLE,Others,Others,0.0
Kerala,BREAKDOWN VAN,Others,Others,0.0
Kerala,BUS,Bus,Bus,143.0
Kerala,CAMPER VAN / TRAILER,Others,Others,0.0
Kerala,CAMPER VAN / TRAILER (PRIVATE USE),Others,Others,0.0
Kerala,CASH VAN,Others,Others,0.0
Kerala,CONSTRUCTION EQUIPMENT VEHICLE,Others,Others,0.0
Kerala,CONSTRUCTION EQUIPMENT VEHICLE (COMMERCIAL),Others,Others,0.0
Kerala,CRANE MOUNTED VEHICLE,Others,Others,0.0
Kerala,DUMPER,Others,Others,0.0
Kerala,E-RICKSHAW WITH CART (G),3-Wheelers,3W_Goods_LowSpeed,507.0
Kerala,E-RICKSHAW(P),3-Wheelers,3W_Shared_LowSpeed,1235.0
Kerala,EARTH MOVING EQUIPMENT,Others,Others,0.0
Kerala,EDUCATIONAL INSTITUTION BUS,Bus,Institution Bus,0.0
Kerala,EXCAVATOR (COMMERCIAL),Others,Others,0.0
Kerala,EXCAVATOR (NT),Others,Others,0.0
Kerala,FIRE FIGHTING VEHICLE,Others,Others,0.0
Kerala,FIRE TENDERS,Others,Others,0.0
Kerala,FORK LIFT,Others,Others,0.0
Kerala,GOODS CARRIER,Others,Others,92.0
Kerala,HARVESTER,Others,Others,0.0
Kerala,HEARSES,Others,Others,0.0
Kerala,LIBRARY VAN,Others,Others,0.0
Kerala,LUXURY CAB,4-Wheelers,4W_Shared,0.0
Kerala,M-CYCLE/SCOOTER,2-Wheelers,2W_Personal,107840.0
Kerala,M-CYCLE/SCOOTER-WITH SIDE CAR,2-Wheelers,2W_Personal,48.0
Kerala,MAXI CAB,Others,Others,0.0
Kerala,MOBILE CANTEEN,Others,Others,0.0
Kerala,MOBILE CLINIC,Others,Others,0.0
Kerala,MOBILE WORKSHOP,Others,Others,0.0
Kerala,MOPED,2-Wheelers,2W_Personal,0.0
Kerala,MOTOR CAB,4-Wheelers,4W_Shared,132.0
Kerala,MOTOR CAR,4-Wheelers,4W_Personal,15627.0
Kerala,MOTOR CYCLE/SCOOTER-SIDECAR(T),Others,Others,0.0
Kerala,MOTOR CYCLE/SCOOTER-USED FOR HIRE,2-Wheelers,2W_Shared,50.0
Kerala,MOTOR CYCLE/SCOOTER-WITH TRAILER,Others,Others,0.0
Kerala,MOTORISED CYCLE (CC > 25CC),2-Wheelers,2W_Personal,180.0
Kerala,OMNI BUS,Bus,Bus,0.0
Kerala,OMNI BUS (PRIVATE USE),Bus,Bus,0.0
Kerala,POWER TILLER,Others,Others,0.0
Kerala,PRIVATE SERVICE VEHICLE,Others,Others,0.0
Kerala,PRIVATE SERVICE VEHICLE (INDIVIDUAL USE),Others,Others,2.0
Kerala,QUADRICYCLE (COMMERCIAL),Others,Others,0.0
Kerala,QUADRICYCLE (PRIVATE),Others,Others,0.0
Kerala,RECOVERY VEHICLE,Others,Others,0.0
Kerala,ROAD ROLLER,Others,Others,0.0
Kerala,THREE WHEELER (GOODS),3-Wheelers,3W_Goods,1145.0
Kerala,THREE WHEELER (PASSENGER),3-Wheelers,3W_Shared,6119.0
Kerala,THREE WHEELER (PERSONAL),3-Wheelers,3W_Personal,85.0
Kerala,TOW TRUCK,Others,Others,0.0
Kerala,TOWER WAGON,Others,Others,0.0
Kerala,TRACTOR (COMMERCIAL),Others,Others,0.0
Kerala,TRACTOR-TROLLEY(COMMERCIAL),Others,Others,0.0
Kerala,TRAILER (COMMERCIAL),Others,Others,0.0
Kerala,VEHICLE FITTED WITH COMPRESSOR,Others,Others,0.0
Kerala,VEHICLE FITTED WITH GENERATOR,Others,Others,0.0
Kerala,VEHICLE FITTED WITH RIG,Others,Others,0.0
Ladakh,ADAPTED VEHICLE,Others,Others,0.0
Ladakh,AGRICULTURAL TRACTOR,Others,Others,0.0
Ladakh,AMBULANCE,Others,Others,0.0
Ladakh,ANIMAL AMBULANCE,Others,Others,0.0
Ladakh,AUXILIARY TRAILER,Others,Others,0.0
Ladakh,BUS,Bus,Bus,19.0
Ladakh,CAMPER VAN / TRAILER,Others,Others,0.0
Ladakh,CAMPER VAN / TRAILER (PRIVATE USE),Others,Others,0.0
Ladakh,CONSTRUCTION EQUIPMENT VEHICLE,Others,Others,0.0
Ladakh,CONSTRUCTION EQUIPMENT VEHICLE (COMMERCIAL),Others,Others,0.0
Ladakh,CRANE MOUNTED VEHICLE,Others,Others,0.0
Ladakh,DUMPER,Others,Others,0.0
Ladakh,E-RICKSHAW(P),3-Wheelers,3W_Shared_LowSpeed,1.0
Ladakh,EARTH MOVING EQUIPMENT,Others,Others,0.0
Ladakh,EDUCATIONAL INSTITUTION BUS,Bus,Institution Bus,0.0
Ladakh,EXCAVATOR (COMMERCIAL),Others,Others,0.0
Ladakh,EXCAVATOR (NT),Others,Others,0.0
Ladakh,FIRE FIGHTING VEHICLE,Others,Others,0.0
Ladakh,GOODS CARRIER,Others,Others,0.0
Ladakh,M-CYCLE/SCOOTER,2-Wheelers,2W_Personal,23.0
Ladakh,MAXI CAB,Others,Others,0.0
Ladakh,MOBILE CLINIC,Others,Others,0.0
Ladakh,MOBILE WORKSHOP,Others,Others,0.0
Ladakh,MOPED,2-Wheelers,2W_Personal,35.0
Ladakh,MOTOR CAB,4-Wheelers,4W_Shared,0.0
Ladakh,MOTOR CAR,4-Wheelers,4W_Personal,10.0
Ladakh,MOTOR CYCLE/SCOOTER-SIDECAR(T),Others,Others,0.0
Ladakh,MOTOR CYCLE/SCOOTER-USED FOR HIRE,2-Wheelers,2W_Shared,0.0
Ladakh,OMNI BUS,Bus,Bus,0.0
Ladakh,OMNI BUS (PRIVATE USE),Bus,Bus,0.0
Ladakh,PRIVATE SERVICE VEHICLE,Others,Others,0.0
Ladakh,PRIVATE SERVICE VEHICLE (INDIVIDUAL USE),Others,Others,0.0
Ladakh,THREE WHEELER (GOODS),3-Wheelers,3W_Goods,0.0
Ladakh,TRACTOR (COMMERCIAL),Others,Others,0.0
Ladakh,TRAILER (COMMERCIAL),Others,Others,0.0
Ladakh,TRAILER FOR PERSONAL USE,Others,Others,0.0
Madhya Pradesh,ADAPTED VEHICLE,Others,Others,0.0
Madhya Pradesh,AGRICULTURAL TRACTOR,Others,Others,4.0
Madhya Pradesh,AMBULANCE,Others,Others,0.0
Madhya Pradesh,ANIMAL AMBULANCE,Others,Others,0.0
Madhya Pradesh,ARMOURED/SPECIALISED VEHICLE,Others,Others,0.0
Madhya Pradesh,ARTICULATED VEHICLE,Others,Others,0.0
Madhya Pradesh,BREAKDOWN VAN,Others,Others,0.0
Madhya Pradesh,BUS,Bus,Bus,76.0
Madhya Pradesh,CAMPER VAN / TRAILER,Others,Others,0.0
Madhya Pradesh,CAMPER VAN / TRAILER (PRIVATE USE),Others,Others,0.0
Madhya Pradesh,CASH VAN,Others,Others,0.0
Madhya Pradesh,CONSTRUCTION EQUIPMENT VEHICLE,Others,Others,0.0
Madhya Pradesh,CONSTRUCTION EQUIPMENT VEHICLE (COMMERCIAL),Others,Others,0.0
Madhya Pradesh,CRANE MOUNTED VEHICLE,Others,Others,0.0
Madhya Pradesh,DUMPER,Others,Others,0.0
Madhya Pradesh,E-RICKSHAW WITH CART (G),3-Wheelers,3W_Goods_LowSpeed,4671.0
Madhya Pradesh,E-RICKSHAW(P),3-Wheelers,3W_Shared_LowSpeed,52657.0
Madhya Pradesh,EARTH MOVING EQUIPMENT,Others,Others,0.0
Madhya Pradesh,EDUCATIONAL INSTITUTION BUS,Bus,Institution Bus,0.0
Madhya Pradesh,EXCAVATOR (NT),Others,Others,0.0
Madhya Pradesh,FIRE FIGHTING VEHICLE,Others,Others,0.0
Madhya Pradesh,FIRE TENDERS,Others,Others,0.0
Madhya Pradesh,FORK LIFT,Others,Others,0.0
Madhya Pradesh,GOODS CARRIER,Others,Others,87.0
Madhya Pradesh,HARVESTER,Others,Others,0.0
Madhya Pradesh,HEARSES,Others,Others,0.0
Madhya Pradesh,LIBRARY VAN,Others,Others,0.0
Madhya Pradesh,LUXURY CAB,4-Wheelers,4W_Shared,0.0
Madhya Pradesh,M-CYCLE/SCOOTER,2-Wheelers,2W_Personal,70077.0
Madhya Pradesh,M-CYCLE/SCOOTER-WITH SIDE CAR,2-Wheelers,2W_Personal,0.0
Madhya Pradesh,MAXI CAB,Others,Others,1.0
Madhya Pradesh,MOBILE CANTEEN,Others,Others,0.0
Madhya Pradesh,MOBILE CLINIC,Others,Others,0.0
Madhya Pradesh,MOBILE WORKSHOP,Others,Others,0.0
Madhya Pradesh,MOPED,2-Wheelers,2W_Personal,343.0
Madhya Pradesh,MOTOR CAB,4-Wheelers,4W_Shared,75.0
Madhya Pradesh,MOTOR CAR,4-Wheelers,4W_Personal,2366.0
Madhya Pradesh,MOTOR CYCLE/SCOOTER-SIDECAR(T),Others,Others,0.0
Madhya Pradesh,MOTOR CYCLE/SCOOTER-USED FOR HIRE,2-Wheelers,2W_Shared,0.0
Madhya Pradesh,MOTOR CYCLE/SCOOTER-WITH TRAILER,Others,Others,0.0
Madhya Pradesh,MOTORISED CYCLE (CC > 25CC),2-Wheelers,2W_Personal,0.0
Madhya Pradesh,OMNI BUS,Bus,Bus,0.0
Madhya Pradesh,OMNI BUS (PRIVATE USE),Bus,Bus,0.0
Madhya Pradesh,PRIVATE SERVICE VEHICLE,Others,Others,12.0
Madhya Pradesh,PRIVATE SERVICE VEHICLE (INDIVIDUAL USE),Others,Others,0.0
Madhya Pradesh,QUADRICYCLE (COMMERCIAL),Others,Others,0.0
Madhya Pradesh,QUADRICYCLE (PRIVATE),Others,Others,0.0
Madhya Pradesh,RECOVERY VEHICLE,Others,Others,0.0
Madhya Pradesh,ROAD ROLLER,Others,Others,0.0
Madhya Pradesh,THREE WHEELER (GOODS),3-Wheelers,3W_Goods,453.0
Madhya Pradesh,THREE WHEELER (PASSENGER),3-Wheelers,3W_Shared,2327.0
Madhya Pradesh,THREE WHEELER (PERSONAL),3-Wheelers,3W_Personal,33.0
Madhya Pradesh,TOWER WAGON,Others,Others,0.0
Madhya Pradesh,TRACTOR (COMMERCIAL),Others,Others,0.0
Madhya Pradesh,TRACTOR-TROLLEY(COMMERCIAL),Others,Others,0.0
Madhya Pradesh,TRAILER (AGRICULTURAL),Others,Others,0.0
Madhya Pradesh,TRAILER (COMMERCIAL),Others,Others,0.0
Madhya Pradesh,VEHICLE FITTED WITH COMPRESSOR,Others,Others,0.0
Madhya Pradesh,VEHICLE FITTED WITH GENERATOR,Others,Others,0.0
Madhya Pradesh,VEHICLE FITTED WITH RIG,Others,Others,0.0
Maharashtra,ADAPTED VEHICLE,Others,Others,9.0
Maharashtra,AGRICULTURAL TRACTOR,Others,Others,4.0
Maharashtra,AMBULANCE,Others,Others,0.0
Maharashtra,ANIMAL AMBULANCE,Others,Others,0.0
Maharashtra,ARMOURED/SPECIALISED VEHICLE,Others,Others,0.0
Maharashtra,ARTICULATED VEHICLE,Others,Others,0.0
Maharashtra,AUXILIARY TRAILER,Others,Others,0.0
Maharashtra,BREAKDOWN VAN,Others,Others,0.0
Maharashtra,BULLDOZER,Others,Others,0.0
Maharashtra,BUS,Bus,Bus,1712.0
Maharashtra,CAMPER VAN / TRAILER,Others,Others,0.0
Maharashtra,CAMPER VAN / TRAILER (PRIVATE USE),Others,Others,0.0
Maharashtra,CASH VAN,Others,Others,0.0
Maharashtra,CONSTRUCTION EQUIPMENT VEHICLE,Others,Others,0.0
Maharashtra,CONSTRUCTION EQUIPMENT VEHICLE (COMMERCIAL),Others,Others,0.0
Maharashtra,CRANE MOUNTED VEHICLE,Others,Others,1.0
Maharashtra,DUMPER,Others,Others,0.0
Maharashtra,E-RICKSHAW WITH CART (G),3-Wheelers,3W_Goods_LowSpeed,4678.0
Maharashtra,E-RICKSHAW(P),3-Wheelers,3W_Shared_LowSpeed,13359.0
Maharashtra,EARTH MOVING EQUIPMENT,Others,Others,0.0
Maharashtra,EDUCATIONAL INSTITUTION BUS,Bus,Institution Bus,0.0
Maharashtra,EXCAVATOR (COMMERCIAL),Others,Others,0.0
Maharashtra,EXCAVATOR (NT),Others,Others,0.0
Maharashtra,FIRE FIGHTING VEHICLE,Others,Others,0.0
Maharashtra,FIRE TENDERS,Others,Others,0.0
Maharashtra,FORK LIFT,Others,Others,9.0
Maharashtra,GOODS CARRIER,Others,Others,575.0
Maharashtra,HARVESTER,Others,Others,0.0
Maharashtra,HEARSES,Others,Others,0.0
Maharashtra,LIBRARY VAN,Others,Others,0.0
Maharashtra,LUXURY CAB,4-Wheelers,4W_Shared,1.0
Maharashtra,M-CYCLE/SCOOTER,2-Wheelers,2W_Personal,330422.0
Maharashtra,M-CYCLE/SCOOTER-WITH SIDE CAR,2-Wheelers,2W_Personal,7.0
Maharashtra,MAXI CAB,Others,Others,1.0
Maharashtra,MOBILE CANTEEN,Others,Others,0.0
Maharashtra,MOBILE CLINIC,Others,Others,0.0
Maharashtra,MOBILE WORKSHOP,Others,Others,0.0
Maharashtra,MODULAR HYDRAULIC TRAILER,Others,Others,0.0
Maharashtra,MOPED,2-Wheelers,2W_Personal,11670.0
Maharashtra,MOTOR CAB,4-Wheelers,4W_Shared,3063.0
Maharashtra,MOTOR CAR,4-Wheelers,4W_Personal,29253.0
Maharashtra,MOTOR CYCLE/SCOOTER-SIDECAR(T),Others,Others,0.0
Maharashtra,MOTOR CYCLE/SCOOTER-USED FOR HIRE,2-Wheelers,2W_Shared,5.0
Maharashtra,MOTORISED CYCLE (CC > 25CC),2-Wheelers,2W_Personal,132.0
Maharashtra,OMNI BUS,Bus,Bus,0.0
Maharashtra,OMNI BUS (PRIVATE USE),Bus,Bus,0.0
Maharashtra,POWER TILLER,Others,Others,0.0
Maharashtra,PRIVATE SERVICE VEHICLE,Others,Others,1.0
Maharashtra,PRIVATE SERVICE VEHICLE (INDIVIDUAL USE),Others,Others,0.0
Maharashtra,QUADRICYCLE (COMMERCIAL),Others,Others,0.0
Maharashtra,QUADRICYCLE (PRIVATE),Others,Others,0.0
Maharashtra,RECOVERY VEHICLE,Others,Others,0.0
Maharashtra,ROAD ROLLER,Others,Others,0.0
Maharashtra,SEMI-TRAILER (COMMERCIAL),Others,Others,0.0
Maharashtra,SNORKED LADDERS,Others,Others,0.0
Maharashtra,THREE WHEELER (GOODS),3-Wheelers,3W_Goods,3941.0
Maharashtra,THREE WHEELER (PASSENGER),3-Wheelers,3W_Shared,2651.0
Maharashtra,THREE WHEELER (PERSONAL),3-Wheelers,3W_Personal,38.0
Maharashtra,TOW TRUCK,Others,Others,0.0
Maharashtra,TOWER WAGON,Others,Others,0.0
Maharashtra,TRACTOR (COMMERCIAL),Others,Others,0.0
Maharashtra,TRACTOR-TROLLEY(COMMERCIAL),Others,Others,0.0
Maharashtra,TRAILER (AGRICULTURAL),Others,Others,2.0
Maharashtra,TRAILER (COMMERCIAL),Others,Others,0.0
Maharashtra,TRAILER FOR PERSONAL USE,Others,Others,1.0
Maharashtra,TREE TRIMMING VEHICLE,Others,Others,0.0
Maharashtra,VEHICLE FITTED WITH COMPRESSOR,Others,Others,0.0
Maharashtra,VEHICLE FITTED WITH GENERATOR,Others,Others,0.0
Maharashtra,VEHICLE FITTED WITH RIG,Others,Others,0.0
Maharashtra,X-RAY VAN,Others,Others,0.0
Manipur,ADAPTED VEHICLE,Others,Others,0.0
Manipur,AGRICULTURAL TRACTOR,Others,Others,0.0
Manipur,AMBULANCE,Others,Others,0.0
Manipur,ARTICULATED VEHICLE,Others,Others,0.0
Manipur,BUS,Bus,Bus,0.0
Manipur,CAMPER VAN / TRAILER,Others,Others,0.0
Manipur,CAMPER VAN / TRAILER (PRIVATE USE),Others,Others,0.0
Manipur,CONSTRUCTION EQUIPMENT VEHICLE,Others,Others,0.0
Manipur,CONSTRUCTION EQUIPMENT VEHICLE (COMMERCIAL),Others,Others,0.0
Manipur,CRANE MOUNTED VEHICLE,Others,Others,0.0
Manipur,DUMPER,Others,Others,0.0
Manipur,E-RICKSHAW WITH CART (G),3-Wheelers,3W_Goods_LowSpeed,9.0
Manipur,E-RICKSHAW(P),3-Wheelers,3W_Shared_LowSpeed,903.0
Manipur,EARTH MOVING EQUIPMENT,Others,Others,0.0
Manipur,EDUCATIONAL INSTITUTION BUS,Bus,Institution Bus,0.0
Manipur,EXCAVATOR (COMMERCIAL),Others,Others,0.0
Manipur,EXCAVATOR (NT),Others,Others,0.0
Manipur,FIRE FIGHTING VEHICLE,Others,Others,0.0
Manipur,FIRE TENDERS,Others,Others,0.0
Manipur,FORK LIFT,Others,Others,0.0
Manipur,GOODS CARRIER,Others,Others,1.0
Manipur,M-CYCLE/SCOOTER,2-Wheelers,2W_Personal,285.0
Manipur,M-CYCLE/SCOOTER-WITH SIDE CAR,2-Wheelers,2W_Personal,0.0
Manipur,MAXI CAB,Others,Others,0.0
Manipur,MOBILE CLINIC,Others,Others,0.0
Manipur,MOPED,2-Wheelers,2W_Personal,15.0
Manipur,MOTOR CAB,4-Wheelers,4W_Shared,1.0
Manipur,MOTOR CAR,4-Wheelers,4W_Personal,38.0
Manipur,MOTORISED CYCLE (CC > 25CC),2-Wheelers,2W_Personal,0.0
Manipur,OMNI BUS,Bus,Bus,0.0
Manipur,OMNI BUS (PRIVATE USE),Bus,Bus,0.0
Manipur,PRIVATE SERVICE VEHICLE (INDIVIDUAL USE),Others,Others,0.0
Manipur,RECOVERY VEHICLE,Others,Others,0.0
Manipur,ROAD ROLLER,Others,Others,0.0
Manipur,THREE WHEELER (GOODS),3-Wheelers,3W_Goods,0.0
Manipur,THREE WHEELER (PASSENGER),3-Wheelers,3W_Shared,32.0
Manipur,THREE WHEELER (PERSONAL),3-Wheelers,3W_Personal,0.0
Manipur,TOW TRUCK,Others,Others,0.0
Manipur,TRACTOR (COMMERCIAL),Others,Others,0.0
Manipur,TRAILER (AGRICULTURAL),Others,Others,0.0
Manipur,TRAILER (COMMERCIAL),Others,Others,0.0
Manipur,TRAILER FOR PERSONAL USE,Others,Others,0.0
Meghalaya,AGRICULTURAL TRACTOR,Others,Others,0.0
Meghalaya,AMBULANCE,Others,Others,0.0
Meghalaya,BREAKDOWN VAN,Others,Others,0.0
Meghalaya,BUS,Bus,Bus,0.0
Meghalaya,CAMPER VAN / TRAILER,Others,Others,0.0
Meghalaya,CAMPER VAN / TRAILER (PRIVATE USE),Others,Others,0.0
Meghalaya,CONSTRUCTION EQUIPMENT VEHICLE,Others,Others,0.0
Meghalaya,CRANE MOUNTED VEHICLE,Others,Others,0.0
Meghalaya,DUMPER,Others,Others,0.0
Meghalaya,E-RICKSHAW(P),3-Wheelers,3W_Shared_LowSpeed,1.0
Meghalaya,EARTH MOVING EQUIPMENT,Others,Others,0.0
Meghalaya,EDUCATIONAL INSTITUTION BUS,Bus,Institution Bus,0.0
Meghalaya,EXCAVATOR (COMMERCIAL),Others,Others,0.0
Meghalaya,EXCAVATOR (NT),Others,Others,0.0
Meghalaya,FIRE FIGHTING VEHICLE,Others,Others,0.0
Meghalaya,FIRE TENDERS,Others,Others,0.0
Meghalaya,FORK LIFT,Others,Others,0.0
Meghalaya,GOODS CARRIER,Others,Others,2.0
Meghalaya,HEARSES,Others,Others,0.0
Meghalaya,M-CYCLE/SCOOTER,2-Wheelers,2W_Personal,135.0
Meghalaya,M-CYCLE/SCOOTER-WITH SIDE CAR,2-Wheelers,2W_Personal,0.0
Meghalaya,MAXI CAB,Others,Others,0.0
Meghalaya,MOBILE CLINIC,Others,Others,0.0
Meghalaya,MOBILE WORKSHOP,Others,Others,0.0
Meghalaya,MOPED,2-Wheelers,2W_Personal,0.0
Meghalaya,MOTOR CAB,4-Wheelers,4W_Shared,0.0
Meghalaya,MOTOR CAR,4-Wheelers,4W_Personal,37.0
Meghalaya,MOTORISED CYCLE (CC > 25CC),2-Wheelers,2W_Personal,0.0
Meghalaya,OMNI BUS,Bus,Bus,0.0
Meghalaya,OMNI BUS (PRIVATE USE),Bus,Bus,0.0
Meghalaya,POWER TILLER,Others,Others,0.0
Meghalaya,PRIVATE SERVICE VEHICLE,Others,Others,0.0
Meghalaya,PRIVATE SERVICE VEHICLE (INDIVIDUAL USE),Others,Others,0.0
Meghalaya,RECOVERY VEHICLE,Others,Others,0.0
Meghalaya,ROAD ROLLER,Others,Others,0.0
Meghalaya,THREE WHEELER (GOODS),3-Wheelers,3W_Goods,5.0
Meghalaya,THREE WHEELER (PASSENGER),3-Wheelers,3W_Shared,16.0
Meghalaya,THREE WHEELER (PERSONAL),3-Wheelers,3W_Personal,12.0
Meghalaya,TRACTOR (COMMERCIAL),Others,Others,0.0
Meghalaya,TRAILER (AGRICULTURAL),Others,Others,0.0
Meghalaya,TRAILER (COMMERCIAL),Others,Others,0.0
Meghalaya,TRAILER FOR PERSONAL USE,Others,Others,0.0
Meghalaya,TREE TRIMMING VEHICLE,Others,Others,0.0
Meghalaya,VEHICLE FITTED WITH COMPRESSOR,Others,Others,0.0
Meghalaya,VEHICLE FITTED WITH GENERATOR,Others,Others,0.0
Mizoram,ADAPTED VEHICLE,Others,Others,0.0
Mizoram,AGRICULTURAL TRACTOR,Others,Others,0.0
Mizoram,AMBULANCE,Others,Others,0.0
Mizoram,BREAKDOWN VAN,Others,Others,0.0
Mizoram,BULLDOZER,Others,Others,0.0
Mizoram,BUS,Bus,Bus,0.0
Mizoram,CAMPER VAN / TRAILER (PRIVATE USE),Others,Others,0.0
Mizoram,CONSTRUCTION EQUIPMENT VEHICLE,Others,Others,0.0
Mizoram,CRANE MOUNTED VEHICLE,Others,Others,0.0
Mizoram,DUMPER,Others,Others,0.0
Mizoram,EARTH MOVING EQUIPMENT,Others,Others,0.0
Mizoram,EDUCATIONAL INSTITUTION BUS,Bus,Institution Bus,0.0
Mizoram,EXCAVATOR (COMMERCIAL),Others,Others,0.0
Mizoram,EXCAVATOR (NT),Others,Others,0.0
Mizoram,FIRE FIGHTING VEHICLE,Others,Others,0.0
Mizoram,GOODS CARRIER,Others,Others,1.0
Mizoram,HEARSES,Others,Others,0.0
Mizoram,LUXURY CAB,4-Wheelers,4W_Shared,0.0
Mizoram,M-CYCLE/SCOOTER,2-Wheelers,2W_Personal,233.0
Mizoram,M-CYCLE/SCOOTER-WITH SIDE CAR,2-Wheelers,2W_Personal,0.0
Mizoram,MAXI CAB,Others,Others,0.0
Mizoram,MOBILE CANTEEN,Others,Others,0.0
Mizoram,MOBILE CLINIC,Others,Others,0.0
Mizoram,MOPED,2-Wheelers,2W_Personal,0.0
Mizoram,MOTOR CAB,4-Wheelers,4W_Shared,0.0
Mizoram,MOTOR CAR,4-Wheelers,4W_Personal,1.0
Mizoram,MOTOR CYCLE/SCOOTER-SIDECAR(T),Others,Others,0.0
Mizoram,MOTOR CYCLE/SCOOTER-USED FOR HIRE,2-Wheelers,2W_Shared,0.0
Mizoram,MOTORISED CYCLE (CC > 25CC),2-Wheelers,2W_Personal,0.0
Mizoram,OMNI BUS,Bus,Bus,0.0
Mizoram,OMNI BUS (PRIVATE USE),Bus,Bus,0.0
Mizoram,PRIVATE SERVICE VEHICLE,Others,Others,0.0
Mizoram,PRIVATE SERVICE VEHICLE (INDIVIDUAL USE),Others,Others,0.0
Mizoram,RECOVERY VEHICLE,Others,Others,0.0
Mizoram,ROAD ROLLER,Others,Others,0.0
Mizoram,THREE WHEELER (GOODS),3-Wheelers,3W_Goods,0.0
Mizoram,THREE WHEELER (PASSENGER),3-Wheelers,3W_Shared,0.0
Mizoram,TRACTOR (COMMERCIAL),Others,Others,0.0
Mizoram,VEHICLE FITTED WITH COMPRESSOR,Others,Others,0.0
Mizoram,VEHICLE FITTED WITH RIG,Others,Others,0.0
Nagaland,AGRICULTURAL TRACTOR,Others,Others,0.0
Nagaland,AMBULANCE,Others,Others,0.0
Nagaland,ARMOURED/SPECIALISED VEHICLE,Others,Others,0.0
Nagaland,BUS,Bus,Bus,0.0
Nagaland,CONSTRUCTION EQUIPMENT VEHICLE,Others,Others,0.0
Nagaland,CONSTRUCTION EQUIPMENT VEHICLE (COMMERCIAL),Others,Others,0.0
Nagaland,CRANE MOUNTED VEHICLE,Others,Others,0.0
Nagaland,DUMPER,Others,Others,0.0
Nagaland,EARTH MOVING EQUIPMENT,Others,Others,0.0
Nagaland,EDUCATIONAL INSTITUTION BUS,Bus,Institution Bus,0.0
Nagaland,EXCAVATOR (COMMERCIAL),Others,Others,0.0
Nagaland,EXCAVATOR (NT),Others,Others,0.0
Nagaland,FIRE FIGHTING VEHICLE,Others,Others,0.0
Nagaland,FORK LIFT,Others,Others,0.0
Nagaland,GOODS CARRIER,Others,Others,0.0
Nagaland,M-CYCLE/SCOOTER,2-Wheelers,2W_Personal,47.0
Nagaland,M-CYCLE/SCOOTER-WITH SIDE CAR,2-Wheelers,2W_Personal,0.0
Nagaland,MAXI CAB,Others,Others,0.0
Nagaland,MOPED,2-Wheelers,2W_Personal,1.0
Nagaland,MOTOR CAB,4-Wheelers,4W_Shared,0.0
Nagaland,MOTOR CAR,4-Wheelers,4W_Personal,4.0
Nagaland,MOTOR CYCLE/SCOOTER-USED FOR HIRE,2-Wheelers,2W_Shared,0.0
Nagaland,MOTORISED CYCLE (CC > 25CC),2-Wheelers,2W_Personal,0.0
Nagaland,OMNI BUS,Bus,Bus,0.0
Nagaland,THREE WHEELER (GOODS),3-Wheelers,3W_Goods,0.0
Nagaland,THREE WHEELER (PASSENGER),3-Wheelers,3W_Shared,0.0
Nagaland,TRACTOR (COMMERCIAL),Others,Others,0.0
Nagaland,TRAILER (AGRICULTURAL),Others,Others,0.0
Nagaland,TRAILER (COMMERCIAL),Others,Others,0.0
Nagaland,VEHICLE FITTED WITH COMPRESSOR,Others,Others,0.0
Odisha,ADAPTED VEHICLE,Others,Others,1.0
Odisha,AGRICULTURAL TRACTOR,Others,Others,0.0
Odisha,AMBULANCE,Others,Others,0.0
Odisha,ANIMAL AMBULANCE,Others,Others,0.0
Odisha,ARMOURED/SPECIALISED VEHICLE,Others,Others,0.0
Odisha,ARTICULATED VEHICLE,Others,Others,0.0
Odisha,AUXILIARY TRAILER,Others,Others,0.0
Odisha,BREAKDOWN VAN,Others,Others,0.0
Odisha,BULLDOZER,Others,Others,0.0
Odisha,BUS,Bus,Bus,51.0
Odisha,CAMPER VAN / TRAILER,Others,Others,0.0
Odisha,CAMPER VAN / TRAILER (PRIVATE USE),Others,Others,0.0
Odisha,CASH VAN,Others,Others,0.0
Odisha,CONSTRUCTION EQUIPMENT VEHICLE,Others,Others,2.0
Odisha,CONSTRUCTION EQUIPMENT VEHICLE (COMMERCIAL),Others,Others,0.0
Odisha,CRANE MOUNTED VEHICLE,Others,Others,0.0
Odisha,DUMPER,Others,Others,0.0
Odisha,E-RICKSHAW WITH CART (G),3-Wheelers,3W_Goods_LowSpeed,1623.0
Odisha,E-RICKSHAW(P),3-Wheelers,3W_Shared_LowSpeed,5022.0
Odisha,EARTH MOVING EQUIPMENT,Others,Others,1.0
Odisha,EDUCATIONAL INSTITUTION BUS,Bus,Institution Bus,0.0
Odisha,EXCAVATOR (COMMERCIAL),Others,Others,0.0
Odisha,EXCAVATOR (NT),Others,Others,0.0
Odisha,FIRE FIGHTING VEHICLE,Others,Others,0.0
Odisha,FIRE TENDERS,Others,Others,0.0
Odisha,FORK LIFT,Others,Others,1.0
Odisha,GOODS CARRIER,Others,Others,96.0
Odisha,HARVESTER,Others,Others,0.0
Odisha,HEARSES,Others,Others,0.0
Odisha,LIBRARY VAN,Others,Others,0.0
Odisha,LUXURY CAB,4-Wheelers,4W_Shared,0.0
Odisha,M-CYCLE/SCOOTER,2-Wheelers,2W_Personal,72089.0
Odisha,M-CYCLE/SCOOTER-WITH SIDE CAR,2-Wheelers,2W_Personal,6.0
Odisha,MAXI CAB,Others,Others,0.0
Odisha,MOBILE CANTEEN,Others,Others,0.0
Odisha,MOBILE CLINIC,Others,Others,0.0
Odisha,MOBILE WORKSHOP,Others,Others,0.0
Odisha,MOPED,2-Wheelers,2W_Personal,2544.0
Odisha,MOTOR CAB,4-Wheelers,4W_Shared,109.0
Odisha,MOTOR CAR,4-Wheelers,4W_Personal,1916.0
Odisha,MOTOR CYCLE/SCOOTER-SIDECAR(T),Others,Others,0.0
Odisha,MOTOR CYCLE/SCOOTER-USED FOR HIRE,2-Wheelers,2W_Shared,12.0
Odisha,MOTORISED CYCLE (CC > 25CC),2-Wheelers,2W_Personal,798.0
Odisha,OMNI BUS,Bus,Bus,0.0
Odisha,OMNI BUS (PRIVATE USE),Bus,Bus,0.0
Odisha,PRIVATE SERVICE VEHICLE,Others,Others,1.0
Odisha,PRIVATE SERVICE VEHICLE (INDIVIDUAL USE),Others,Others,0.0
Odisha,RECOVERY VEHICLE,Others,Others,0.0
Odisha,ROAD ROLLER,Others,Others,0.0
Odisha,SEMI-TRAILER (COMMERCIAL),Others,Others,0.0
Odisha,SNORKED LADDERS,Others,Others,0.0
Odisha,THREE WHEELER (GOODS),3-Wheelers,3W_Goods,1349.0
Odisha,THREE WHEELER (PASSENGER),3-Wheelers,3W_Shared,1101.0
Odisha,THREE WHEELER (PERSONAL),3-Wheelers,3W_Personal,3.0
Odisha,TOWER WAGON,Others,Others,0.0
Odisha,TRACTOR (COMMERCIAL),Others,Others,5.0
Odisha,TRACTOR-TROLLEY(COMMERCIAL),Others,Others,0.0
Odisha,TRAILER (AGRICULTURAL),Others,Others,0.0
Odisha,TRAILER (COMMERCIAL),Others,Others,93.0
Odisha,TRAILER FOR PERSONAL USE,Others,Others,0.0
Odisha,VEHICLE FITTED WITH COMPRESSOR,Others,Others,0.0
Odisha,VEHICLE FITTED WITH GENERATOR,Others,Others,0.0
Odisha,VEHICLE FITTED WITH RIG,Others,Others,0.0
Puducherry,ADAPTED VEHICLE,Others,Others,0.0
Puducherry,AGRICULTURAL TRACTOR,Others,Others,0.0
Puducherry,AMBULANCE,Others,Others,0.0
Puducherry,ANIMAL AMBULANCE,Others,Others,0.0
Puducherry,BULLDOZER,Others,Others,0.0
Puducherry,BUS,Bus,Bus,0.0
Puducherry,CAMPER VAN / TRAILER (PRIVATE USE),Others,Others,0.0
Puducherry,CONSTRUCTION EQUIPMENT VEHICLE,Others,Others,0.0
Puducherry,CRANE MOUNTED VEHICLE,Others,Others,0.0
Puducherry,DUMPER,Others,Others,0.0
Puducherry,E-RICKSHAW WITH CART (G),3-Wheelers,3W_Goods_LowSpeed,31.0
Puducherry,E-RICKSHAW(P),3-Wheelers,3W_Shared_LowSpeed,32.0
Puducherry,EARTH MOVING EQUIPMENT,Others,Others,0.0
Puducherry,EDUCATIONAL INSTITUTION BUS,Bus,Institution Bus,0.0
Puducherry,EXCAVATOR (NT),Others,Others,0.0
Puducherry,FIRE FIGHTING VEHICLE,Others,Others,0.0
Puducherry,FIRE TENDERS,Others,Others,0.0
Puducherry,FORK LIFT,Others,Others,0.0
Puducherry,GOODS CARRIER,Others,Others,7.0
Puducherry,HARVESTER,Others,Others,0.0
Puducherry,M-CYCLE/SCOOTER,2-Wheelers,2W_Personal,4781.0
Puducherry,M-CYCLE/SCOOTER-WITH SIDE CAR,2-Wheelers,2W_Personal,0.0
Puducherry,MAXI CAB,Others,Others,0.0
Puducherry,MOBILE CLINIC,Others,Others,1.0
Puducherry,MOBILE WORKSHOP,Others,Others,0.0
Puducherry,MOPED,2-Wheelers,2W_Personal,28.0
Puducherry,MOTOR CAB,4-Wheelers,4W_Shared,30.0
Puducherry,MOTOR CAR,4-Wheelers,4W_Personal,129.0
Puducherry,MOTOR CYCLE/SCOOTER-USED FOR HIRE,2-Wheelers,2W_Shared,0.0
Puducherry,MOTORISED CYCLE (CC > 25CC),2-Wheelers,2W_Personal,23.0
Puducherry,OMNI BUS,Bus,Bus,0.0
Puducherry,OMNI BUS (PRIVATE USE),Bus,Bus,0.0
Puducherry,PRIVATE SERVICE VEHICLE,Others,Others,0.0
Puducherry,PRIVATE SERVICE VEHICLE (INDIVIDUAL USE),Others,Others,0.0
Puducherry,QUADRICYCLE (PRIVATE),Others,Others,0.0
Puducherry,ROAD ROLLER,Others,Others,0.0
Puducherry,THREE WHEELER (GOODS),3-Wheelers,3W_Goods,13.0
Puducherry,THREE WHEELER (PASSENGER),3-Wheelers,3W_Shared,56.0
Puducherry,THREE WHEELER (PERSONAL),3-Wheelers,3W_Personal,8.0
Puducherry,TOWER WAGON,Others,Others,0.0
Puducherry,TRACTOR (COMMERCIAL),Others,Others,0.0
Puducherry,TRAILER (AGRICULTURAL),Others,Others,0.0
Puducherry,TRAILER (COMMERCIAL),Others,Others,0.0
Puducherry,TRAILER FOR PERSONAL USE,Others,Others,0.0
Puducherry,TREE TRIMMING VEHICLE,Others,Others,0.0
Puducherry,VEHICLE FITTED WITH COMPRESSOR,Others,Others,0.0
Puducherry,VEHICLE FITTED WITH RIG,Others,Others,0.0
Punjab,ADAPTED VEHICLE,Others,Others,0.0
Punjab,AGRICULTURAL TRACTOR,Others,Others,16.0
Punjab,AMBULANCE,Others,Others,0.0
Punjab,ANIMAL AMBULANCE,Others,Others,0.0
Punjab,ARTICULATED VEHICLE,Others,Others,0.0
Punjab,BREAKDOWN VAN,Others,Others,0.0
Punjab,BULLDOZER,Others,Others,0.0
Punjab,BUS,Bus,Bus,1.0
Punjab,CAMPER VAN / TRAILER,Others,Others,1.0
Punjab,CAMPER VAN / TRAILER (PRIVATE USE),Others,Others,0.0
Punjab,CASH VAN,Others,Others,0.0
Punjab,CONSTRUCTION EQUIPMENT VEHICLE,Others,Others,0.0
Punjab,CONSTRUCTION EQUIPMENT VEHICLE (COMMERCIAL),Others,Others,0.0
Punjab,CRANE MOUNTED VEHICLE,Others,Others,0.0
Punjab,DUMPER,Others,Others,0.0
Punjab,E-RICKSHAW WITH CART (G),3-Wheelers,3W_Goods_LowSpeed,1920.0
Punjab,E-RICKSHAW(P),3-Wheelers,3W_Shared_LowSpeed,23442.0
Punjab,EARTH MOVING EQUIPMENT,Others,Others,0.0
Punjab,EDUCATIONAL INSTITUTION BUS,Bus,Institution Bus,0.0
Punjab,EXCAVATOR (COMMERCIAL),Others,Others,0.0
Punjab,EXCAVATOR (NT),Others,Others,0.0
Punjab,FIRE FIGHTING VEHICLE,Others,Others,0.0
Punjab,FIRE TENDERS,Others,Others,0.0
Punjab,FORK LIFT,Others,Others,0.0
Punjab,GOODS CARRIER,Others,Others,116.0
Punjab,HARVESTER,Others,Others,0.0
Punjab,HEARSES,Others,Others,0.0
Punjab,M-CYCLE/SCOOTER,2-Wheelers,2W_Personal,17494.0
Punjab,M-CYCLE/SCOOTER-WITH SIDE CAR,2-Wheelers,2W_Personal,5.0
Punjab,MAXI CAB,Others,Others,1.0
Punjab,MOBILE CANTEEN,Others,Others,0.0
Punjab,MOBILE CLINIC,Others,Others,0.0
Punjab,MOBILE WORKSHOP,Others,Others,0.0
Punjab,MOPED,2-Wheelers,2W_Personal,119.0
Punjab,MOTOR CAB,4-Wheelers,4W_Shared,25.0
Punjab,MOTOR CAR,4-Wheelers,4W_Personal,963.0
Punjab,MOTOR CYCLE/SCOOTER-SIDECAR(T),Others,Others,0.0
Punjab,MOTOR CYCLE/SCOOTER-USED FOR HIRE,2-Wheelers,2W_Shared,0.0
Punjab,MOTORISED CYCLE (CC > 25CC),2-Wheelers,2W_Personal,3843.0
Punjab,OMNI BUS,Bus,Bus,0.0
Punjab,OMNI BUS (PRIVATE USE),Bus,Bus,0.0
Punjab,POWER TILLER (COMMERCIAL),Others,Others,0.0
Punjab,PRIVATE SERVICE VEHICLE,Others,Others,5.0
Punjab,PRIVATE SERVICE VEHICLE (INDIVIDUAL USE),Others,Others,0.0
Punjab,RECOVERY VEHICLE,Others,Others,0.0
Punjab,ROAD ROLLER,Others,Others,0.0
Punjab,THREE WHEELER (GOODS),3-Wheelers,3W_Goods,353.0
Punjab,THREE WHEELER (PASSENGER),3-Wheelers,3W_Shared,981.0
Punjab,THREE WHEELER (PERSONAL),3-Wheelers,3W_Personal,0.0
Punjab,TOW TRUCK,Others,Others,0.0
Punjab,TRACTOR (COMMERCIAL),Others,Others,0.0
Punjab,TRACTOR-TROLLEY(COMMERCIAL),Others,Others,0.0
Punjab,TRAILER (AGRICULTURAL),Others,Others,0.0
Punjab,TRAILER (COMMERCIAL),Others,Others,0.0
Punjab,TRAILER FOR PERSONAL USE,Others,Others,0.0
Punjab,TREE TRIMMING VEHICLE,Others,Others,0.0
Punjab,VEHICLE FITTED WITH COMPRESSOR,Others,Others,0.0
Punjab,VEHICLE FITTED WITH RIG,Others,Others,0.0
Punjab,X-RAY VAN,Others,Others,0.0
Rajasthan,ADAPTED VEHICLE,Others,Others,32.0
Rajasthan,AGRICULTURAL TRACTOR,Others,Others,7.0
Rajasthan,AMBULANCE,Others,Others,1.0
Rajasthan,ANIMAL AMBULANCE,Others,Others,0.0
Rajasthan,ARMOURED/SPECIALISED VEHICLE,Others,Others,0.0
Rajasthan,ARTICULATED VEHICLE,Others,Others,8.0
Rajasthan,AUXILIARY TRAILER,Others,Others,0.0
Rajasthan,BULLDOZER,Others,Others,0.0
Rajasthan,BUS,Bus,Bus,13.0
Rajasthan,CAMPER VAN / TRAILER,Others,Others,0.0
Rajasthan,CAMPER VAN / TRAILER (PRIVATE USE),Others,Others,0.0
Rajasthan,CASH VAN,Others,Others,0.0
Rajasthan,CONSTRUCTION EQUIPMENT VEHICLE,Others,Others,1.0
Rajasthan,CONSTRUCTION EQUIPMENT VEHICLE (COMMERCIAL),Others,Others,0.0
Rajasthan,CRANE MOUNTED VEHICLE,Others,Others,0.0
Rajasthan,DUMPER,Others,Others,0.0
Rajasthan,E-RICKSHAW WITH CART (G),3-Wheelers,3W_Goods_LowSpeed,12608.0
Rajasthan,E-RICKSHAW(P),3-Wheelers,3W_Shared_LowSpeed,67795.0
Rajasthan,EARTH MOVING EQUIPMENT,Others,Others,1.0
Rajasthan,EDUCATIONAL INSTITUTION BUS,Bus,Institution Bus,0.0
Rajasthan,EXCAVATOR (COMMERCIAL),Others,Others,0.0
Rajasthan,EXCAVATOR (NT),Others,Others,0.0
Rajasthan,FIRE FIGHTING VEHICLE,Others,Others,0.0
Rajasthan,FIRE TENDERS,Others,Others,0.0
Rajasthan,FORK LIFT,Others,Others,0.0
Rajasthan,GOODS CARRIER,Others,Others,127.0
Rajasthan,HARVESTER,Others,Others,0.0
Rajasthan,HEARSES,Others,Others,0.0
Rajasthan,LUXURY CAB,4-Wheelers,4W_Shared,0.0
Rajasthan,M-CYCLE/SCOOTER,2-Wheelers,2W_Personal,129813.0
Rajasthan,M-CYCLE/SCOOTER-WITH SIDE CAR,2-Wheelers,2W_Personal,40.0
Rajasthan,MAXI CAB,Others,Others,5.0
Rajasthan,MOBILE CANTEEN,Others,Others,0.0
Rajasthan,MOBILE CLINIC,Others,Others,0.0
Rajasthan,MOBILE WORKSHOP,Others,Others,0.0
Rajasthan,MOPED,2-Wheelers,2W_Personal,4934.0
Rajasthan,MOTOR CAB,4-Wheelers,4W_Shared,150.0
Rajasthan,MOTOR CAR,4-Wheelers,4W_Personal,7014.0
Rajasthan,MOTOR CYCLE/SCOOTER-SIDECAR(T),Others,Others,0.0
Rajasthan,MOTOR CYCLE/SCOOTER-USED FOR HIRE,2-Wheelers,2W_Shared,89.0
Rajasthan,MOTOR CYCLE/SCOOTER-WITH TRAILER,Others,Others,0.0
Rajasthan,MOTORISED CYCLE (CC > 25CC),2-Wheelers,2W_Personal,2848.0
Rajasthan,OMNI BUS,Bus,Bus,0.0
Rajasthan,OMNI BUS (PRIVATE USE),Bus,Bus,0.0
Rajasthan,PRIVATE SERVICE VEHICLE,Others,Others,0.0
Rajasthan,PRIVATE SERVICE VEHICLE (INDIVIDUAL USE),Others,Others,0.0
Rajasthan,RECOVERY VEHICLE,Others,Others,0.0
Rajasthan,ROAD ROLLER,Others,Others,0.0
Rajasthan,THREE WHEELER (GOODS),3-Wheelers,3W_Goods,1574.0
Rajasthan,THREE WHEELER (PASSENGER),3-Wheelers,3W_Shared,1508.0
Rajasthan,THREE WHEELER (PERSONAL),3-Wheelers,3W_Personal,0.0
Rajasthan,TOW TRUCK,Others,Others,0.0
Rajasthan,TOWER WAGON,Others,Others,0.0
Rajasthan,TRACTOR (COMMERCIAL),Others,Others,0.0
Rajasthan,TRACTOR-TROLLEY(COMMERCIAL),Others,Others,5.0
Rajasthan,TRAILER (AGRICULTURAL),Others,Others,0.0
Rajasthan,TRAILER (COMMERCIAL),Others,Others,0.0
Rajasthan,TRAILER FOR PERSONAL USE,Others,Others,0.0
Rajasthan,TREE TRIMMING VEHICLE,Others,Others,0.0
Rajasthan,VEHICLE FITTED WITH COMPRESSOR,Others,Others,0.0
Rajasthan,VEHICLE FITTED WITH GENERATOR,Others,Others,0.0
Rajasthan,VEHICLE FITTED WITH RIG,Others,Others,0.0
Sikkim,ADAPTED VEHICLE,Others,Others,0.0
Sikkim,AGRICULTURAL TRACTOR,Others,Others,0.0
Sikkim,AMBULANCE,Others,Others,0.0
Sikkim,ARTICULATED VEHICLE,Others,Others,0.0
Sikkim,BUS,Bus,Bus,0.0
Sikkim,CASH VAN,Others,Others,0.0
Sikkim,CONSTRUCTION EQUIPMENT VEHICLE,Others,Others,0.0
Sikkim,CRANE MOUNTED VEHICLE,Others,Others,0.0
Sikkim,EARTH MOVING EQUIPMENT,Others,Others,0.0
Sikkim,EDUCATIONAL INSTITUTION BUS,Bus,Institution Bus,0.0
Sikkim,EXCAVATOR (COMMERCIAL),Others,Others,0.0
Sikkim,GOODS CARRIER,Others,Others,0.0
Sikkim,LUXURY CAB,4-Wheelers,4W_Shared,0.0
Sikkim,M-CYCLE/SCOOTER,2-Wheelers,2W_Personal,1.0
Sikkim,M-CYCLE/SCOOTER-WITH SIDE CAR,2-Wheelers,2W_Personal,0.0
Sikkim,MAXI CAB,Others,Others,0.0
Sikkim,MOPED,2-Wheelers,2W_Personal,0.0
Sikkim,MOTOR CAB,4-Wheelers,4W_Shared,2.0
Sikkim,MOTOR CAR,4-Wheelers,4W_Personal,1.0
Sikkim,MOTOR CYCLE/SCOOTER-USED FOR HIRE,2-Wheelers,2W_Shared,0.0
Sikkim,MOTORISED CYCLE (CC > 25CC),2-Wheelers,2W_Personal,0.0
Sikkim,OMNI BUS,Bus,Bus,0.0
Sikkim,OMNI BUS (PRIVATE USE),Bus,Bus,0.0
Tamil Nadu,ADAPTED VEHICLE,Others,Others,2.0
Tamil Nadu,AGRICULTURAL TRACTOR,Others,Others,16.0
Tamil Nadu,AMBULANCE,Others,Others,0.0
Tamil Nadu,ANIMAL AMBULANCE,Others,Others,0.0
Tamil Nadu,ARMOURED/SPECIALISED VEHICLE,Others,Others,0.0
Tamil Nadu,ARTICULATED VEHICLE,Others,Others,0.0
Tamil Nadu,AUXILIARY TRAILER,Others,Others,0.0
Tamil Nadu,BREAKDOWN VAN,Others,Others,0.0
Tamil Nadu,BULLDOZER,Others,Others,0.0
Tamil Nadu,BUS,Bus,Bus,0.0
Tamil Nadu,CAMPER VAN / TRAILER,Others,Others,0.0
Tamil Nadu,CAMPER VAN / TRAILER (PRIVATE USE),Others,Others,18.0
Tamil Nadu,CASH VAN,Others,Others,0.0
Tamil Nadu,CONSTRUCTION EQUIPMENT VEHICLE,Others,Others,0.0
Tamil Nadu,CONSTRUCTION EQUIPMENT VEHICLE (COMMERCIAL),Others,Others,0.0
Tamil Nadu,CRANE MOUNTED VEHICLE,Others,Others,1.0
Tamil Nadu,DUMPER,Others,Others,0.0
Tamil Nadu,E-RICKSHAW WITH CART (G),3-Wheelers,3W_Goods_LowSpeed,5314.0
Tamil Nadu,E-RICKSHAW(P),3-Wheelers,3W_Shared_LowSpeed,18.0
Tamil Nadu,EARTH MOVING EQUIPMENT,Others,Others,1.0
Tamil Nadu,EDUCATIONAL INSTITUTION BUS,Bus,Institution Bus,0.0
Tamil Nadu,EXCAVATOR (COMMERCIAL),Others,Others,0.0
Tamil Nadu,EXCAVATOR (NT),Others,Others,0.0
Tamil Nadu,FIRE FIGHTING VEHICLE,Others,Others,0.0
Tamil Nadu,FIRE TENDERS,Others,Others,0.0
Tamil Nadu,FORK LIFT,Others,Others,0.0
Tamil Nadu,GOODS CARRIER,Others,Others,1528.0
Tamil Nadu,HARVESTER,Others,Others,0.0
Tamil Nadu,HEARSES,Others,Others,0.0
Tamil Nadu,LIBRARY VAN,Others,Others,0.0
Tamil Nadu,LUXURY CAB,4-Wheelers,4W_Shared,0.0
Tamil Nadu,M-CYCLE/SCOOTER,2-Wheelers,2W_Personal,160096.0
Tamil Nadu,M-CYCLE/SCOOTER-WITH SIDE CAR,2-Wheelers,2W_Personal,146.0
Tamil Nadu,MAXI CAB,Others,Others,8.0
Tamil Nadu,MOBILE CANTEEN,Others,Others,0.0
Tamil Nadu,MOBILE CLINIC,Others,Others,0.0
Tamil Nadu,MOBILE WORKSHOP,Others,Others,0.0
Tamil Nadu,MOPED,2-Wheelers,2W_Personal,7648.0
Tamil Nadu,MOTOR CAB,4-Wheelers,4W_Shared,331.0
Tamil Nadu,MOTOR CAR,4-Wheelers,4W_Personal,10189.0
Tamil Nadu,MOTOR CYCLE/SCOOTER-SIDECAR(T),Others,Others,0.0
Tamil Nadu,MOTORISED CYCLE (CC > 25CC),2-Wheelers,2W_Personal,13845.0
Tamil Nadu,OMNI BUS,Bus,Bus,60.0
Tamil Nadu,OMNI BUS (PRIVATE USE),Bus,Bus,0.0
Tamil Nadu,POWER TILLER,Others,Others,0.0
Tamil Nadu,PRIVATE SERVICE VEHICLE,Others,Others,25.0
Tamil Nadu,PRIVATE SERVICE VEHICLE (INDIVIDUAL USE),Others,Others,0.0
Tamil Nadu,RECOVERY VEHICLE,Others,Others,0.0
Tamil Nadu,ROAD ROLLER,Others,Others,0.0
Tamil Nadu,SEMI-TRAILER (COMMERCIAL),Others,Others,0.0
Tamil Nadu,SNORKED LADDERS,Others,Others,0.0
Tamil Nadu,THREE WHEELER (GOODS),3-Wheelers,3W_Goods,7119.0
Tamil Nadu,THREE WHEELER (PASSENGER),3-Wheelers,3W_Shared,208.0
Tamil Nadu,THREE WHEELER (PERSONAL),3-Wheelers,3W_Personal,83.0
Tamil Nadu,TOW TRUCK,Others,Others,0.0
Tamil Nadu,TOWER WAGON,Others,Others,0.0
Tamil Nadu,TRACTOR (COMMERCIAL),Others,Others,1.0
Tamil Nadu,TRACTOR-TROLLEY(COMMERCIAL),Others,Others,0.0
Tamil Nadu,TRAILER (AGRICULTURAL),Others,Others,167.0
Tamil Nadu,TRAILER (COMMERCIAL),Others,Others,78.0
Tamil Nadu,TRAILER FOR PERSONAL USE,Others,Others,0.0
Tamil Nadu,TREE TRIMMING VEHICLE,Others,Others,0.0
Tamil Nadu,VEHICLE FITTED WITH COMPRESSOR,Others,Others,0.0
Tamil Nadu,VEHICLE FITTED WITH GENERATOR,Others,Others,0.0
Tamil Nadu,VEHICLE FITTED WITH RIG,Others,Others,0.0
Tripura,ADAPTED VEHICLE,Others,Others,0.0
Tripura,AGRICULTURAL TRACTOR,Others,Others,0.0
Tripura,AMBULANCE,Others,Others,0.0
Tripura,ANIMAL AMBULANCE,Others,Others,0.0
Tripura,ARTICULATED VEHICLE,Others,Others,0.0
Tripura,BUS,Bus,Bus,0.0
Tripura,CAMPER VAN / TRAILER,Others,Others,0.0
Tripura,CAMPER VAN / TRAILER (PRIVATE USE),Others,Others,0.0
Tripura,CONSTRUCTION EQUIPMENT VEHICLE,Others,Others,0.0
Tripura,CONSTRUCTION EQUIPMENT VEHICLE (COMMERCIAL),Others,Others,0.0
Tripura,CRANE MOUNTED VEHICLE,Others,Others,0.0
Tripura,E-RICKSHAW WITH CART (G),3-Wheelers,3W_Goods_LowSpeed,0.0
Tripura,E-RICKSHAW(P),3-Wheelers,3W_Shared_LowSpeed,11914.0
Tripura,EARTH MOVING EQUIPMENT,Others,Others,0.0
Tripura,EXCAVATOR (COMMERCIAL),Others,Others,0.0
Tripura,EXCAVATOR (NT),Others,Others,0.0
Tripura,FIRE FIGHTING VEHICLE,Others,Others,0.0
Tripura,GOODS CARRIER,Others,Others,9.0
Tripura,HEARSES,Others,Others,0.0
Tripura,M-CYCLE/SCOOTER,2-Wheelers,2W_Personal,485.0
Tripura,M-CYCLE/SCOOTER-WITH SIDE CAR,2-Wheelers,2W_Personal,0.0
Tripura,MAXI CAB,Others,Others,0.0
Tripura,MOPED,2-Wheelers,2W_Personal,0.0
Tripura,MOTOR CAB,4-Wheelers,4W_Shared,4.0
Tripura,MOTOR CAR,4-Wheelers,4W_Personal,39.0
Tripura,MOTORISED CYCLE (CC > 25CC),2-Wheelers,2W_Personal,31.0
Tripura,OMNI BUS,Bus,Bus,0.0
Tripura,RECOVERY VEHICLE,Others,Others,0.0
Tripura,ROAD ROLLER,Others,Others,0.0
Tripura,THREE WHEELER (GOODS),3-Wheelers,3W_Goods,71.0
Tripura,THREE WHEELER (PASSENGER),3-Wheelers,3W_Shared,5793.0
Tripura,TRACTOR (COMMERCIAL),Others,Others,0.0
Tripura,TRACTOR-TROLLEY(COMMERCIAL),Others,Others,0.0
Tripura,TRAILER (AGRICULTURAL),Others,Others,0.0
Tripura,TRAILER (COMMERCIAL),Others,Others,0.0
Uttar Pradesh,ADAPTED VEHICLE,Others,Others,1.0
Uttar Pradesh,AGRICULTURAL TRACTOR,Others,Others,10.0
Uttar Pradesh,AMBULANCE,Others,Others,0.0
Uttar Pradesh,ANIMAL AMBULANCE,Others,Others,0.0
Uttar Pradesh,ARMOURED/SPECIALISED VEHICLE,Others,Others,0.0
Uttar Pradesh,ARTICULATED VEHICLE,Others,Others,0.0
Uttar Pradesh,BREAKDOWN VAN,Others,Others,0.0
Uttar Pradesh,BULLDOZER,Others,Others,0.0
Uttar Pradesh,BUS,Bus,Bus,748.0
Uttar Pradesh,CAMPER VAN / TRAILER,Others,Others,0.0
Uttar Pradesh,CAMPER VAN / TRAILER (PRIVATE USE),Others,Others,0.0
Uttar Pradesh,CASH VAN,Others,Others,0.0
Uttar Pradesh,CONSTRUCTION EQUIPMENT VEHICLE,Others,Others,0.0
Uttar Pradesh,CONSTRUCTION EQUIPMENT VEHICLE (COMMERCIAL),Others,Others,0.0
Uttar Pradesh,CRANE MOUNTED VEHICLE,Others,Others,0.0
Uttar Pradesh,DUMPER,Others,Others,0.0
Uttar Pradesh,E-RICKSHAW WITH CART (G),3-Wheelers,3W_Goods_LowSpeed,25502.0
Uttar Pradesh,E-RICKSHAW(P),3-Wheelers,3W_Shared_LowSpeed,596325.0
Uttar Pradesh,EARTH MOVING EQUIPMENT,Others,Others,0.0
Uttar Pradesh,EDUCATIONAL INSTITUTION BUS,Bus,Institution Bus,0.0
Uttar Pradesh,EXCAVATOR (COMMERCIAL),Others,Others,0.0
Uttar Pradesh,EXCAVATOR (NT),Others,Others,0.0
Uttar Pradesh,FIRE FIGHTING VEHICLE,Others,Others,0.0
Uttar Pradesh,FIRE TENDERS,Others,Others,0.0
Uttar Pradesh,FORK LIFT,Others,Others,0.0
Uttar Pradesh,GOODS CARRIER,Others,Others,190.0
Uttar Pradesh,HARVESTER,Others,Others,0.0
Uttar Pradesh,HEARSES,Others,Others,0.0
Uttar Pradesh,LIBRARY VAN,Others,Others,0.0
Uttar Pradesh,LUXURY CAB,4-Wheelers,4W_Shared,0.0
Uttar Pradesh,M-CYCLE/SCOOTER,2-Wheelers,2W_Personal,80864.0
Uttar Pradesh,M-CYCLE/SCOOTER-WITH SIDE CAR,2-Wheelers,2W_Personal,56.0
Uttar Pradesh,MAXI CAB,Others,Others,0.0
Uttar Pradesh,MOBILE CANTEEN,Others,Others,0.0
Uttar Pradesh,MOBILE CLINIC,Others,Others,0.0
Uttar Pradesh,MOBILE WORKSHOP,Others,Others,0.0
Uttar Pradesh,MODULAR HYDRAULIC TRAILER,Others,Others,0.0
Uttar Pradesh,MOPED,2-Wheelers,2W_Personal,518.0
Uttar Pradesh,MOTOR CAB,4-Wheelers,4W_Shared,145.0
Uttar Pradesh,MOTOR CAR,4-Wheelers,4W_Personal,5301.0
Uttar Pradesh,MOTOR CYCLE/SCOOTER-SIDECAR(T),Others,Others,0.0
Uttar Pradesh,MOTOR CYCLE/SCOOTER-USED FOR HIRE,2-Wheelers,2W_Shared,35.0
Uttar Pradesh,MOTORISED CYCLE (CC > 25CC),2-Wheelers,2W_Personal,2296.0
Uttar Pradesh,OMNI BUS,Bus,Bus,0.0
Uttar Pradesh,OMNI BUS (PRIVATE USE),Bus,Bus,0.0
Uttar Pradesh,PRIVATE SERVICE VEHICLE,Others,Others,0.0
Uttar Pradesh,PRIVATE SERVICE VEHICLE (INDIVIDUAL USE),Others,Others,0.0
Uttar Pradesh,QUADRICYCLE (PRIVATE),Others,Others,0.0
Uttar Pradesh,RECOVERY VEHICLE,Others,Others,3.0
Uttar Pradesh,ROAD ROLLER,Others,Others,0.0
Uttar Pradesh,SNORKED LADDERS,Others,Others,0.0
Uttar Pradesh,THREE WHEELER (GOODS),3-Wheelers,3W_Goods,1495.0
Uttar Pradesh,THREE WHEELER (PASSENGER),3-Wheelers,3W_Shared,18584.0
Uttar Pradesh,THREE WHEELER (PERSONAL),3-Wheelers,3W_Personal,0.0
Uttar Pradesh,TOW TRUCK,Others,Others,0.0
Uttar Pradesh,TOWER WAGON,Others,Others,0.0
Uttar Pradesh,TRACTOR (COMMERCIAL),Others,Others,0.0
Uttar Pradesh,TRACTOR-TROLLEY(COMMERCIAL),Others,Others,0.0
Uttar Pradesh,TRAILER (AGRICULTURAL),Others,Others,0.0
Uttar Pradesh,TRAILER (COMMERCIAL),Others,Others,0.0
Uttar Pradesh,TRAILER FOR PERSONAL USE,Others,Others,0.0
Uttar Pradesh,TREE TRIMMING VEHICLE,Others,Others,0.0
Uttar Pradesh,VEHICLE FITTED WITH COMPRESSOR,Others,Others,0.0
Uttar Pradesh,VEHICLE FITTED WITH GENERATOR,Others,Others,0.0
Uttar Pradesh,VEHICLE FITTED WITH RIG,Others,Others,0.0
Uttar Pradesh,X-RAY VAN,Others,Others,1.0
Uttarakhand,ADAPTED VEHICLE,Others,Others,0.0
Uttarakhand,AGRICULTURAL TRACTOR,Others,Others,0.0
Uttarakhand,AMBULANCE,Others,Others,0.0
Uttarakhand,ANIMAL AMBULANCE,Others,Others,0.0
Uttarakhand,ARTICULATED VEHICLE,Others,Others,0.0
Uttarakhand,BUS,Bus,Bus,35.0
Uttarakhand,CAMPER VAN / TRAILER,Others,Others,0.0
Uttarakhand,CAMPER VAN / TRAILER (PRIVATE USE),Others,Others,0.0
Uttarakhand,CASH VAN,Others,Others,0.0
Uttarakhand,CONSTRUCTION EQUIPMENT VEHICLE,Others,Others,0.0
Uttarakhand,CRANE MOUNTED VEHICLE,Others,Others,0.0
Uttarakhand,DUMPER,Others,Others,0.0
Uttarakhand,E-RICKSHAW WITH CART (G),3-Wheelers,3W_Goods_LowSpeed,1349.0
Uttarakhand,E-RICKSHAW(P),3-Wheelers,3W_Shared_LowSpeed,39364.0
Uttarakhand,EARTH MOVING EQUIPMENT,Others,Others,0.0
Uttarakhand,EDUCATIONAL INSTITUTION BUS,Bus,Institution Bus,0.0
Uttarakhand,EXCAVATOR (COMMERCIAL),Others,Others,0.0
Uttarakhand,EXCAVATOR (NT),Others,Others,0.0
Uttarakhand,FIRE FIGHTING VEHICLE,Others,Others,0.0
Uttarakhand,FIRE TENDERS,Others,Others,0.0
Uttarakhand,FORK LIFT,Others,Others,0.0
Uttarakhand,GOODS CARRIER,Others,Others,2.0
Uttarakhand,HARVESTER,Others,Others,0.0
Uttarakhand,HEARSES,Others,Others,0.0
Uttarakhand,LIBRARY VAN,Others,Others,0.0
Uttarakhand,LUXURY CAB,4-Wheelers,4W_Shared,0.0
Uttarakhand,M-CYCLE/SCOOTER,2-Wheelers,2W_Personal,13960.0
Uttarakhand,M-CYCLE/SCOOTER-WITH SIDE CAR,2-Wheelers,2W_Personal,7.0
Uttarakhand,MAXI CAB,Others,Others,0.0
Uttarakhand,MOBILE CANTEEN,Others,Others,0.0
Uttarakhand,MOBILE CLINIC,Others,Others,0.0
Uttarakhand,MOBILE WORKSHOP,Others,Others,0.0
Uttarakhand,MOPED,2-Wheelers,2W_Personal,12.0
Uttarakhand,MOTOR CAB,4-Wheelers,4W_Shared,45.0
Uttarakhand,MOTOR CAR,4-Wheelers,4W_Personal,1017.0
Uttarakhand,MOTOR CYCLE/SCOOTER-USED FOR HIRE,2-Wheelers,2W_Shared,7.0
Uttarakhand,MOTORISED CYCLE (CC > 25CC),2-Wheelers,2W_Personal,0.0
Uttarakhand,OMNI BUS,Bus,Bus,0.0
Uttarakhand,OMNI BUS (PRIVATE USE),Bus,Bus,0.0
Uttarakhand,POWER TILLER (COMMERCIAL),Others,Others,0.0
Uttarakhand,PRIVATE SERVICE VEHICLE (INDIVIDUAL USE),Others,Others,0.0
Uttarakhand,RECOVERY VEHICLE,Others,Others,0.0
Uttarakhand,THREE WHEELER (GOODS),3-Wheelers,3W_Goods,76.0
Uttarakhand,THREE WHEELER (PASSENGER),3-Wheelers,3W_Shared,1732.0
Uttarakhand,TRACTOR (COMMERCIAL),Others,Others,0.0
Uttarakhand,TRACTOR-TROLLEY(COMMERCIAL),Others,Others,0.0
Uttarakhand,TRAILER (AGRICULTURAL),Others,Others,0.0
Uttarakhand,TRAILER (COMMERCIAL),Others,Others,0.0
Uttarakhand,VEHICLE FITTED WITH RIG,Others,Others,0.0
West Bengal,ADAPTED VEHICLE,Others,Others,2.0
West Bengal,AGRICULTURAL TRACTOR,Others,Others,0.0
West Bengal,AMBULANCE,Others,Others,1.0
West Bengal,ANIMAL AMBULANCE,Others,Others,0.0
West Bengal,ARMOURED/SPECIALISED VEHICLE,Others,Others,0.0
West Bengal,ARTICULATED VEHICLE,Others,Others,0.0
West Bengal,AUXILIARY TRAILER,Others,Others,0.0
West Bengal,BREAKDOWN VAN,Others,Others,0.0
West Bengal,BUS,Bus,Bus,109.0
West Bengal,CAMPER VAN / TRAILER,Others,Others,0.0
West Bengal,CAMPER VAN / TRAILER (PRIVATE USE),Others,Others,0.0
West Bengal,CASH VAN,Others,Others,0.0
West Bengal,CONSTRUCTION EQUIPMENT VEHICLE,Others,Others,0.0
West Bengal,CONSTRUCTION EQUIPMENT VEHICLE (COMMERCIAL),Others,Others,0.0
West Bengal,CRANE MOUNTED VEHICLE,Others,Others,0.0
West Bengal,DUMPER,Others,Others,0.0
West Bengal,E-RICKSHAW WITH CART (G),3-Wheelers,3W_Goods_LowSpeed,519.0
West Bengal,E-RICKSHAW(P),3-Wheelers,3W_Shared_LowSpeed,47082.0
West Bengal,EARTH MOVING EQUIPMENT,Others,Others,0.0
West Bengal,EDUCATIONAL INSTITUTION BUS,Bus,Institution Bus,0.0
West Bengal,EXCAVATOR (COMMERCIAL),Others,Others,0.0
West Bengal,EXCAVATOR (NT),Others,Others,0.0
West Bengal,FIRE FIGHTING VEHICLE,Others,Others,0.0
West Bengal,FIRE TENDERS,Others,Others,0.0
West Bengal,FORK LIFT,Others,Others,0.0
West Bengal,GOODS CARRIER,Others,Others,148.0
West Bengal,HARVESTER,Others,Others,0.0
West Bengal,HEARSES,Others,Others,0.0
West Bengal,LIBRARY VAN,Others,Others,0.0
West Bengal,LUXURY CAB,4-Wheelers,4W_Shared,395.0
West Bengal,M-CYCLE/SCOOTER,2-Wheelers,2W_Personal,22244.0
West Bengal,M-CYCLE/SCOOTER-WITH SIDE CAR,2-Wheelers,2W_Personal,0.0
West Bengal,MAXI CAB,Others,Others,0.0
West Bengal,MOBILE CANTEEN,Others,Others,0.0
West Bengal,MOBILE CLINIC,Others,Others,0.0
West Bengal,MOBILE WORKSHOP,Others,Others,0.0
West Bengal,MOPED,2-Wheelers,2W_Personal,2.0
West Bengal,MOTOR CAB,4-Wheelers,4W_Shared,542.0
West Bengal,MOTOR CAR,4-Wheelers,4W_Personal,3322.0
West Bengal,MOTOR CYCLE/SCOOTER-USED FOR HIRE,2-Wheelers,2W_Shared,0.0
West Bengal,MOTORISED CYCLE (CC > 25CC),2-Wheelers,2W_Personal,518.0
West Bengal,OMNI BUS,Bus,Bus,0.0
West Bengal,OMNI BUS (PRIVATE USE),Bus,Bus,1.0
West Bengal,POWER TILLER (COMMERCIAL),Others,Others,0.0
West Bengal,PRIVATE SERVICE VEHICLE,Others,Others,0.0
West Bengal,PRIVATE SERVICE VEHICLE (INDIVIDUAL USE),Others,Others,0.0
West Bengal,RECOVERY VEHICLE,Others,Others,0.0
West Bengal,ROAD ROLLER,Others,Others,0.0
West Bengal,SNORKED LADDERS,Others,Others,0.0
West Bengal,THREE WHEELER (GOODS),3-Wheelers,3W_Goods,1357.0
West Bengal,THREE WHEELER (PASSENGER),3-Wheelers,3W_Shared,1847.0
West Bengal,THREE WHEELER (PERSONAL),3-Wheelers,3W_Personal,0.0
West Bengal,TOWER WAGON,Others,Others,0.0
West Bengal,TRACTOR (COMMERCIAL),Others,Others,3.0
West Bengal,TRACTOR-TROLLEY(COMMERCIAL),Others,Others,0.0
West Bengal,TRAILER (AGRICULTURAL),Others,Others,0.0
West Bengal,TRAILER (COMMERCIAL),Others,Others,2.0
West Bengal,VEHICLE FITTED WITH COMPRESSOR,Others,Others,0.0
West Bengal,VEHICLE FITTED WITH GENERATOR,Others,Others,0.0
West Bengal,VEHICLE FITTED WITH RIG,Others,Others,18.0
